value,anomaly,month,year,state
32.1,-0.3,01,2016,MD
36.9,3.1,02,2016,MD
49.4,6.9,03,2016,MD
53.1,1.0,04,2016,MD
60.9,-1.4,05,2016,MD
72.2,1.6,06,2016,MD
78.4,3.3,07,2016,MD
78.0,4.8,08,2016,MD
71.5,4.5,09,2016,MD
59.4,3.6,10,2016,MD
47.7,2.9,11,2016,MD
38.0,2.7,12,2016,MD
38.3,5.9,01,2017,MD
43.7,9.9,02,2017,MD
43.1,0.6,03,2017,MD
59.5,7.4,04,2017,MD
62.2,-0.1,05,2017,MD
72.6,2.0,06,2017,MD
77.4,2.3,07,2017,MD
72.8,-0.4,08,2017,MD
68.3,1.3,09,2017,MD
61.2,5.4,10,2017,MD
45.8,1.0,11,2017,MD
35.3,0.0,12,2017,MD
31.0,-1.4,01,2018,MD
41.6,7.8,02,2018,MD
39.3,-3.2,03,2018,MD
50.7,-1.4,04,2018,MD
68.8,6.5,05,2018,MD
72.1,1.5,06,2018,MD
76.2,1.1,07,2018,MD
77.1,3.9,08,2018,MD
72.7,5.7,09,2018,MD
59.0,3.2,10,2018,MD
43.4,-1.4,11,2018,MD
39.2,3.9,12,2018,MD
34.0,1.6,01,2019,MD
37.6,3.8,02,2019,MD
42.1,-0.4,03,2019,MD
57.8,5.7,04,2019,MD
67.3,5.0,05,2019,MD
72.5,1.9,06,2019,MD
78.6,3.5,07,2019,MD
75.6,2.4,08,2019,MD
71.4,4.4,09,2019,MD
60.3,4.5,10,2019,MD
42.6,-2.2,11,2019,MD
38.9,3.6,12,2019,MD
39.1,6.7,01,2020,MD
41.0,7.2,02,2020,MD
49.3,6.8,03,2020,MD
51.6,-0.5,04,2020,MD
60.5,-1.8,05,2020,MD
72.7,2.1,06,2020,MD
80.1,5.0,07,2020,MD
76.6,3.4,08,2020,MD
67.3,0.3,09,2020,MD
59.0,3.2,10,2020,MD
50.9,6.1,11,2020,MD
38.3,3.0,12,2020,MD
35.4,3.0,01,2021,MD
34.4,0.6,02,2021,MD
47.3,4.8,03,2021,MD
55.0,2.9,04,2021,MD
62.3,0.0,05,2021,MD
73.2,2.6,06,2021,MD
77.2,2.1,07,2021,MD
77.2,4.0,08,2021,MD
69.6,2.6,09,2021,MD
63.0,7.2,10,2021,MD
44.5,-0.3,11,2021,MD
43.8,8.5,12,2021,MD
25.4,0.1,01,2016,PA
30.7,4.2,02,2016,PA
43.3,7.5,03,2016,PA
47.0,0.2,04,2016,PA
57.4,-0.2,05,2016,PA
67.4,1.4,06,2016,PA
73.0,2.6,07,2016,PA
73.4,5.0,08,2016,PA
66.2,4.5,09,2016,PA
53.6,3.0,10,2016,PA
42.6,3.3,11,2016,PA
31.2,2.3,12,2016,PA
31.8,6.5,01,2017,PA
36.6,10.1,02,2017,PA
35.3,-0.5,03,2017,PA
53.7,6.9,04,2017,PA
57.1,-0.5,05,2017,PA
66.8,0.8,06,2017,PA
71.4,1.0,07,2017,PA
67.4,-1.0,08,2017,PA
63.8,2.1,09,2017,PA
56.2,5.6,10,2017,PA
39.2,-0.1,11,2017,PA
28.0,-0.9,12,2017,PA
23.1,-2.2,01,2018,PA
34.3,7.8,02,2018,PA
33.0,-2.8,03,2018,PA
43.2,-3.6,04,2018,PA
64.0,6.4,05,2018,PA
66.6,0.6,06,2018,PA
71.6,1.2,07,2018,PA
72.1,3.7,08,2018,PA
66.7,5.0,09,2018,PA
52.3,1.7,10,2018,PA
36.7,-2.6,11,2018,PA
33.5,4.6,12,2018,PA
25.8,0.5,01,2019,PA
30.2,3.7,02,2019,PA
34.7,-1.1,03,2019,PA
50.5,3.7,04,2019,PA
60.7,3.1,05,2019,PA
65.8,-0.2,06,2019,PA
73.2,2.8,07,2019,PA
69.6,1.2,08,2019,PA
65.1,3.4,09,2019,PA
53.7,3.1,10,2019,PA
36.5,-2.8,11,2019,PA
32.6,3.7,12,2019,PA
32.2,6.9,01,2020,PA
33.3,6.8,02,2020,PA
42.5,6.7,03,2020,PA
45.1,-1.7,04,2020,PA
56.0,-1.6,05,2020,PA
67.2,1.2,06,2020,PA
74.9,4.5,07,2020,PA
71.6,3.2,08,2020,PA
62.1,0.4,09,2020,PA
52.2,1.6,10,2020,PA
44.8,5.5,11,2020,PA
32.1,3.2,12,2020,PA
29.4,4.1,01,2021,PA
26.6,0.1,02,2021,PA
40.9,5.1,03,2021,PA
49.4,2.6,04,2021,PA
57.0,-0.6,05,2021,PA
68.7,2.7,06,2021,PA
71.2,0.8,07,2021,PA
72.6,4.2,08,2021,PA
64.4,2.7,09,2021,PA
57.8,7.2,10,2021,PA
39.1,-0.2,11,2021,PA
37.7,8.8,12,2021,PA
46.4,1.0,01,2016,TX
54.4,5.0,02,2016,TX
61.2,4.9,03,2016,TX
66.1,1.3,04,2016,TX
71.6,-0.9,05,2016,TX
80.1,0.5,06,2016,TX
85.4,3.1,07,2016,TX
81.5,-0.4,08,2016,TX
77.6,1.7,09,2016,TX
70.9,4.8,10,2016,TX
61.0,6.4,11,2016,TX
49.6,2.7,12,2016,TX
50.8,5.4,01,2017,TX
58.4,9.0,02,2017,TX
63.6,7.3,03,2017,TX
67.1,2.3,04,2017,TX
72.0,-0.5,05,2017,TX
80.6,1.0,06,2017,TX
83.6,1.3,07,2017,TX
80.6,-1.3,08,2017,TX
76.5,0.6,09,2017,TX
66.5,0.4,10,2017,TX
60.3,5.7,11,2017,TX
47.8,0.9,12,2017,TX
43.8,-1.6,01,2018,TX
52.3,2.9,02,2018,TX
61.7,5.4,03,2018,TX
63.0,-1.8,04,2018,TX
78.0,5.5,05,2018,TX
83.9,4.3,06,2018,TX
84.5,2.2,07,2018,TX
83.0,1.1,08,2018,TX
76.2,0.3,09,2018,TX
65.4,-0.7,10,2018,TX
51.9,-2.7,11,2018,TX
48.3,1.4,12,2018,TX
47.2,1.8,01,2019,TX
51.9,2.5,02,2019,TX
55.7,-0.6,03,2019,TX
65.0,0.2,04,2019,TX
72.5,0.0,05,2019,TX
79.1,-0.5,06,2019,TX
82.8,0.5,07,2019,TX
85.9,4.0,08,2019,TX
81.5,5.6,09,2019,TX
65.2,-0.9,10,2019,TX
53.2,-1.4,11,2019,TX
50.7,3.8,12,2019,TX
50.7,5.3,01,2020,TX
49.4,0.0,02,2020,TX
63.2,6.9,03,2020,TX
65.1,0.3,04,2020,TX
74.6,2.1,05,2020,TX
80.7,1.1,06,2020,TX
85.2,2.9,07,2020,TX
84.4,2.5,08,2020,TX
74.1,-1.8,09,2020,TX
65.9,-0.2,10,2020,TX
60.6,6.0,11,2020,TX
48.5,1.6,12,2020,TX
47.3,1.9,01,2021,TX
44.0,-5.4,02,2021,TX
59.5,3.2,03,2021,TX
63.7,-1.1,04,2021,TX
71.9,-0.6,05,2021,TX
80.3,0.7,06,2021,TX
80.9,-1.4,07,2021,TX
82.0,0.1,08,2021,TX
78.3,2.4,09,2021,TX
69.8,3.7,10,2021,TX
57.4,2.8,11,2021,TX
59.0,12.1,12,2021,TX
41.8,1.1,01,2016,AZ
50.6,5.9,02,2016,AZ
54.9,5.4,03,2016,AZ
58.5,1.8,04,2016,AZ
64.6,-0.4,05,2016,AZ
80.3,5.9,06,2016,AZ
82.4,2.7,07,2016,AZ
77.5,-0.3,08,2016,AZ
71.6,-0.4,09,2016,AZ
66.1,5.1,10,2016,AZ
53.1,3.9,11,2016,AZ
44.7,3.2,12,2016,AZ
42.3,1.6,01,2017,AZ
49.4,4.7,02,2017,AZ
56.6,7.1,03,2017,AZ
59.9,3.2,04,2017,AZ
66.1,1.1,05,2017,AZ
79.8,5.4,06,2017,AZ
81.5,1.8,07,2017,AZ
79.1,1.3,08,2017,AZ
72.4,0.4,09,2017,AZ
65.1,4.1,10,2017,AZ
57.6,8.4,11,2017,AZ
46.6,5.1,12,2017,AZ
47.6,6.9,01,2018,AZ
46.7,2.0,02,2018,AZ
52.3,2.8,03,2018,AZ
62.9,6.2,04,2018,AZ
68.5,3.5,05,2018,AZ
78.6,4.2,06,2018,AZ
82.3,2.6,07,2018,AZ
80.2,2.4,08,2018,AZ
76.0,4.0,09,2018,AZ
59.9,-1.1,10,2018,AZ
49.4,0.2,11,2018,AZ
42.8,1.3,12,2018,AZ
42.4,1.7,01,2019,AZ
40.9,-3.8,02,2019,AZ
51.7,2.2,03,2019,AZ
60.3,3.6,04,2019,AZ
60.7,-4.3,05,2019,AZ
75.2,0.8,06,2019,AZ
81.9,2.2,07,2019,AZ
81.9,4.1,08,2019,AZ
73.8,1.8,09,2019,AZ
60.0,-1.0,10,2019,AZ
52.1,2.9,11,2019,AZ
42.2,0.7,12,2019,AZ
43.7,3.0,01,2020,AZ
45.9,1.2,02,2020,AZ
51.0,1.5,03,2020,AZ
59.3,2.6,04,2020,AZ
70.5,5.5,05,2020,AZ
76.8,2.4,06,2020,AZ
82.8,3.1,07,2020,AZ
84.1,6.3,08,2020,AZ
75.6,3.6,09,2020,AZ
66.2,5.2,10,2020,AZ
53.5,4.3,11,2020,AZ
42.0,0.5,12,2020,AZ
42.7,2.0,01,2021,AZ
46.4,1.7,02,2021,AZ
49.6,0.1,03,2021,AZ
61.2,4.5,04,2021,AZ
68.0,3.0,05,2021,AZ
80.7,6.3,06,2021,AZ
81.4,1.7,07,2021,AZ
79.5,1.7,08,2021,AZ
74.7,2.7,09,2021,AZ
59.9,-1.1,10,2021,AZ
55.7,6.5,11,2021,AZ
45.4,3.9,12,2021,AZ
25.8,3.8,01,2016,ID
31.9,5.5,02,2016,ID
37.0,4.4,03,2016,ID
47.0,6.0,04,2016,ID
50.6,1.3,05,2016,ID
61.2,4.5,06,2016,ID
64.8,-0.3,07,2016,ID
64.7,1.1,08,2016,ID
54.6,-0.1,09,2016,ID
45.7,1.6,10,2016,ID
38.7,7.1,11,2016,ID
19.1,-4.8,12,2016,ID
18.5,-3.5,01,2017,ID
29.5,3.1,02,2017,ID
38.5,5.9,03,2017,ID
40.3,-0.7,04,2017,ID
50.6,1.3,05,2017,ID
59.1,2.4,06,2017,ID
70.0,4.9,07,2017,ID
66.9,3.3,08,2017,ID
55.7,1.0,09,2017,ID
41.9,-2.2,10,2017,ID
34.9,3.3,11,2017,ID
25.2,1.3,12,2017,ID
30.4,8.4,01,2018,ID
26.2,-0.2,02,2018,ID
33.7,1.1,03,2018,ID
42.4,1.4,04,2018,ID
54.0,4.7,05,2018,ID
57.7,1.0,06,2018,ID
68.4,3.3,07,2018,ID
65.0,1.4,08,2018,ID
56.2,1.5,09,2018,ID
44.0,-0.1,10,2018,ID
32.0,0.4,11,2018,ID
24.3,0.4,12,2018,ID
26.3,4.3,01,2019,ID
23.2,-3.2,02,2019,ID
32.4,-0.2,03,2019,ID
42.9,1.9,04,2019,ID
49.8,0.5,05,2019,ID
57.2,0.5,06,2019,ID
65.5,0.4,07,2019,ID
66.0,2.4,08,2019,ID
55.0,0.3,09,2019,ID
36.6,-7.5,10,2019,ID
34.3,2.7,11,2019,ID
26.6,2.7,12,2019,ID
27.3,5.3,01,2020,ID
26.2,-0.2,02,2020,ID
35.1,2.5,03,2020,ID
41.6,0.6,04,2020,ID
50.6,1.3,05,2020,ID
56.2,-0.5,06,2020,ID
64.9,-0.2,07,2020,ID
67.1,3.5,08,2020,ID
58.7,4.0,09,2020,ID
45.4,1.3,10,2020,ID
32.7,1.1,11,2020,ID
26.2,2.3,12,2020,ID
26.6,4.6,01,2021,ID
25.3,-1.1,02,2021,ID
34.9,2.3,03,2021,ID
42.0,1.0,04,2021,ID
49.8,0.5,05,2021,ID
65.1,8.4,06,2021,ID
71.9,6.8,07,2021,ID
64.0,0.4,08,2021,ID
57.2,2.5,09,2021,ID
45.2,1.1,10,2021,ID
36.7,5.1,11,2021,ID
26.5,2.6,12,2021,ID
30.9,1.5,01,2016,MO
39.1,5.3,02,2016,MO
50.4,6.8,03,2016,MO
57.3,2.8,04,2016,MO
62.7,-1.5,05,2016,MO
76.9,3.9,06,2016,MO
78.1,0.4,07,2016,MO
76.7,0.7,08,2016,MO
71.7,3.5,09,2016,MO
62.1,5.1,10,2016,MO
51.0,7.4,11,2016,MO
32.4,-0.6,12,2016,MO
35.4,6.0,01,2017,MO
45.1,11.3,02,2017,MO
48.4,4.8,03,2017,MO
58.5,4.0,04,2017,MO
64.1,-0.1,05,2017,MO
73.5,0.5,06,2017,MO
78.8,1.1,07,2017,MO
72.1,-3.9,08,2017,MO
70.4,2.2,09,2017,MO
59.0,2.0,10,2017,MO
46.2,2.6,11,2017,MO
34.3,1.3,12,2017,MO
28.0,-1.4,01,2018,MO
35.6,1.8,02,2018,MO
44.0,0.4,03,2018,MO
48.2,-6.3,04,2018,MO
72.5,8.3,05,2018,MO
77.4,4.4,06,2018,MO
78.2,0.5,07,2018,MO
76.4,0.4,08,2018,MO
71.3,3.1,09,2018,MO
56.4,-0.6,10,2018,MO
37.6,-6.0,11,2018,MO
36.8,3.8,12,2018,MO
31.0,1.6,01,2019,MO
33.0,-0.8,02,2019,MO
40.9,-2.7,03,2019,MO
56.7,2.2,04,2019,MO
64.5,0.3,05,2019,MO
72.4,-0.6,06,2019,MO
77.6,-0.1,07,2019,MO
75.3,-0.7,08,2019,MO
74.8,6.6,09,2019,MO
54.3,-2.7,10,2019,MO
40.2,-3.4,11,2019,MO
39.0,6.0,12,2019,MO
34.5,5.1,01,2020,MO
35.4,1.6,02,2020,MO
48.8,5.2,03,2020,MO
53.1,-1.4,04,2020,MO
62.0,-2.2,05,2020,MO
75.1,2.1,06,2020,MO
79.2,1.5,07,2020,MO
74.2,-1.8,08,2020,MO
67.3,-0.9,09,2020,MO
53.6,-3.4,10,2020,MO
49.6,6.0,11,2020,MO
36.3,3.3,12,2020,MO
33.7,4.3,01,2021,MO
24.4,-9.4,02,2021,MO
50.0,6.4,03,2021,MO
54.3,-0.2,04,2021,MO
62.3,-1.9,05,2021,MO
74.9,1.9,06,2021,MO
76.7,-1.0,07,2021,MO
77.4,1.4,08,2021,MO
71.4,3.2,09,2021,MO
60.6,3.6,10,2021,MO
45.5,1.9,11,2021,MO
44.8,11.8,12,2021,MO
23.4,6.7,01,2016,MT
33.6,12.3,02,2016,MT
37.4,8.0,03,2016,MT
45.0,4.3,04,2016,MT
51.0,0.8,05,2016,MT
62.4,4.1,06,2016,MT
65.9,0.2,07,2016,MT
64.4,0.3,08,2016,MT
54.8,1.0,09,2016,MT
44.3,1.1,10,2016,MT
39.1,9.6,11,2016,MT
14.2,-6.4,12,2016,MT
15.2,-1.5,01,2017,MT
25.4,4.1,02,2017,MT
35.8,6.4,03,2017,MT
42.1,1.4,04,2017,MT
52.3,2.1,05,2017,MT
60.6,2.3,06,2017,MT
71.6,5.9,07,2017,MT
65.5,1.4,08,2017,MT
55.2,1.4,09,2017,MT
42.6,-0.6,10,2017,MT
30.7,1.2,11,2017,MT
21.1,0.5,12,2017,MT
21.7,5.0,01,2018,MT
11.4,-9.9,02,2018,MT
28.3,-1.1,03,2018,MT
37.9,-2.8,04,2018,MT
55.7,5.5,05,2018,MT
59.2,0.9,06,2018,MT
66.8,1.1,07,2018,MT
64.5,0.4,08,2018,MT
53.0,-0.8,09,2018,MT
41.6,-1.6,10,2018,MT
30.2,0.7,11,2018,MT
25.0,4.4,12,2018,MT
24.7,8.0,01,2019,MT
5.1,-16.2,02,2019,MT
25.2,-4.2,03,2019,MT
41.9,1.2,04,2019,MT
47.7,-2.5,05,2019,MT
58.6,0.3,06,2019,MT
65.0,-0.7,07,2019,MT
64.8,0.7,08,2019,MT
55.0,1.2,09,2019,MT
35.4,-7.8,10,2019,MT
29.3,-0.2,11,2019,MT
25.8,5.2,12,2019,MT
23.4,6.7,01,2020,MT
25.6,4.3,02,2020,MT
31.6,2.2,03,2020,MT
38.3,-2.4,04,2020,MT
50.6,0.4,05,2020,MT
59.3,1.0,06,2020,MT
65.6,-0.1,07,2020,MT
67.4,3.3,08,2020,MT
57.0,3.2,09,2020,MT
39.3,-3.9,10,2020,MT
32.8,3.3,11,2020,MT
28.5,7.9,12,2020,MT
26.7,10.0,01,2021,MT
13.8,-7.5,02,2021,MT
36.2,6.8,03,2021,MT
40.4,-0.3,04,2021,MT
48.6,-1.6,05,2021,MT
65.3,7.0,06,2021,MT
72.5,6.8,07,2021,MT
64.7,0.6,08,2021,MT
58.3,4.5,09,2021,MT
45.6,2.4,10,2021,MT
36.3,6.8,11,2021,MT
19.3,-1.3,12,2021,MT
19.8,4.8,01,2016,SD
31.2,11.3,02,2016,SD
40.1,9.3,03,2016,SD
46.3,1.6,04,2016,SD
56.7,0.7,05,2016,SD
70.7,5.0,06,2016,SD
73.0,0.4,07,2016,SD
71.0,0.5,08,2016,SD
62.4,2.2,09,2016,SD
51.6,3.8,10,2016,SD
42.0,10.3,11,2016,SD
15.4,-4.3,12,2016,SD
16.5,1.5,01,2017,SD
29.4,9.5,02,2017,SD
35.5,4.7,03,2017,SD
46.1,1.4,04,2017,SD
56.0,0.0,05,2017,SD
68.1,2.4,06,2017,SD
76.0,3.4,07,2017,SD
67.4,-3.1,08,2017,SD
61.8,1.6,09,2017,SD
48.0,0.2,10,2017,SD
34.7,3.0,11,2017,SD
21.7,2.0,12,2017,SD
18.1,3.1,01,2018,SD
11.6,-8.3,02,2018,SD
30.4,-0.4,03,2018,SD
36.7,-8.0,04,2018,SD
62.1,6.1,05,2018,SD
69.3,3.6,06,2018,SD
72.2,-0.4,07,2018,SD
69.9,-0.6,08,2018,SD
61.5,1.3,09,2018,SD
43.2,-4.6,10,2018,SD
29.3,-2.4,11,2018,SD
25.3,5.6,12,2018,SD
18.0,3.0,01,2019,SD
6.1,-13.8,02,2019,SD
25.1,-5.7,03,2019,SD
44.2,-0.5,04,2019,SD
50.4,-5.6,05,2019,SD
66.3,0.6,06,2019,SD
72.1,-0.5,07,2019,SD
68.2,-2.3,08,2019,SD
63.1,2.9,09,2019,SD
40.2,-7.6,10,2019,SD
31.1,-0.6,11,2019,SD
23.3,3.6,12,2019,SD
20.1,5.1,01,2020,SD
23.5,3.6,02,2020,SD
36.4,5.6,03,2020,SD
42.0,-2.7,04,2020,SD
54.2,-1.8,05,2020,SD
70.3,4.6,06,2020,SD
73.5,0.9,07,2020,SD
72.6,2.1,08,2020,SD
60.4,0.2,09,2020,SD
41.2,-6.6,10,2020,SD
38.6,6.9,11,2020,SD
28.3,8.6,12,2020,SD
26.5,11.5,01,2021,SD
12.8,-7.1,02,2021,SD
39.4,8.6,03,2021,SD
43.6,-1.1,04,2021,SD
55.0,-1.0,05,2021,SD
72.2,6.5,06,2021,SD
75.3,2.7,07,2021,SD
72.5,2.0,08,2021,SD
65.0,4.8,09,2021,SD
51.2,3.4,10,2021,SD
38.2,6.5,11,2021,SD
24.6,4.9,12,2021,SD
20.1,6.9,01,2016,ME
21.9,7.0,02,2016,ME
29.2,3.3,03,2016,ME
37.3,-1.0,04,2016,ME
52.8,2.3,05,2016,ME
60.5,0.7,06,2016,ME
67.0,1.7,07,2016,ME
66.6,3.6,08,2016,ME
59.1,4.2,09,2016,ME
46.9,2.6,10,2016,ME
37.2,4.9,11,2016,ME
20.5,1.8,12,2016,ME
21.5,8.3,01,2017,ME
20.6,5.7,02,2017,ME
22.2,-3.7,03,2017,ME
42.0,3.7,04,2017,ME
50.7,0.2,05,2017,ME
61.0,1.2,06,2017,ME
65.2,-0.1,07,2017,ME
63.3,0.3,08,2017,ME
61.1,6.2,09,2017,ME
52.0,7.7,10,2017,ME
32.4,0.1,11,2017,ME
16.4,-2.3,12,2017,ME
15.0,1.8,01,2018,ME
22.7,7.8,02,2018,ME
28.9,3.0,03,2018,ME
36.5,-1.8,04,2018,ME
53.5,3.0,05,2018,ME
59.0,-0.8,06,2018,ME
68.8,3.5,07,2018,ME
68.0,5.0,08,2018,ME
57.9,3.0,09,2018,ME
41.9,-2.4,10,2018,ME
28.6,-3.7,11,2018,ME
20.4,1.7,12,2018,ME
14.1,0.9,01,2019,ME
16.3,1.4,02,2019,ME
24.7,-1.2,03,2019,ME
38.8,0.5,04,2019,ME
48.1,-2.4,05,2019,ME
59.5,-0.3,06,2019,ME
68.3,3.0,07,2019,ME
64.5,1.5,08,2019,ME
55.3,0.4,09,2019,ME
46.1,1.8,10,2019,ME
29.6,-2.7,11,2019,ME
22.8,4.1,12,2019,ME
20.8,7.6,01,2020,ME
20.1,5.2,02,2020,ME
29.6,3.7,03,2020,ME
37.7,-0.6,04,2020,ME
51.2,0.7,05,2020,ME
62.5,2.7,06,2020,ME
68.9,3.6,07,2020,ME
65.6,2.6,08,2020,ME
56.8,1.9,09,2020,ME
44.7,0.4,10,2020,ME
37.0,4.7,11,2020,ME
27.2,8.5,12,2020,ME
21.5,8.3,01,2021,ME
18.5,3.6,02,2021,ME
29.4,3.5,03,2021,ME
43.2,4.9,04,2021,ME
52.3,1.8,05,2021,ME
64.8,5.0,06,2021,ME
63.6,-1.7,07,2021,ME
68.3,5.3,08,2021,ME
59.0,4.1,09,2021,ME
50.2,5.9,10,2021,ME
35.4,3.1,11,2021,ME
24.4,5.7,12,2021,ME
25.6,1.9,01,2016,CO
32.4,5.0,02,2016,CO
37.9,4.2,03,2016,CO
43.7,1.2,04,2016,CO
50.8,-1.0,05,2016,CO
66.4,5.2,06,2016,CO
69.2,2.1,07,2016,CO
64.5,-0.7,08,2016,CO
59.7,2.4,09,2016,CO
51.8,5.3,10,2016,CO
40.2,6.7,11,2016,CO
25.2,0.0,12,2016,CO
25.3,1.6,01,2017,CO
35.4,8.0,02,2017,CO
42.5,8.8,03,2017,CO
44.3,1.8,04,2017,CO
51.5,-0.3,05,2017,CO
64.8,3.6,06,2017,CO
69.4,2.3,07,2017,CO
64.7,-0.5,08,2017,CO
59.1,1.8,09,2017,CO
46.7,0.2,10,2017,CO
41.3,7.8,11,2017,CO
30.1,4.9,12,2017,CO
29.7,6.0,01,2018,CO
28.6,1.2,02,2018,CO
37.8,4.1,03,2018,CO
44.0,1.5,04,2018,CO
57.2,5.4,05,2018,CO
66.5,5.3,06,2018,CO
70.0,2.9,07,2018,CO
66.2,1.0,08,2018,CO
61.9,4.6,09,2018,CO
45.0,-1.5,10,2018,CO
32.5,-1.0,11,2018,CO
26.6,1.4,12,2018,CO
26.0,2.3,01,2019,CO
24.9,-2.5,02,2019,CO
33.8,0.1,03,2019,CO
45.5,3.0,04,2019,CO
47.9,-3.9,05,2019,CO
60.6,-0.6,06,2019,CO
69.1,2.0,07,2019,CO
68.3,3.1,08,2019,CO
62.9,5.6,09,2019,CO
40.9,-5.6,10,2019,CO
35.2,1.7,11,2019,CO
28.1,2.9,12,2019,CO
27.4,3.7,01,2020,CO
26.4,-1.0,02,2020,CO
38.8,5.1,03,2020,CO
43.4,0.9,04,2020,CO
55.6,3.8,05,2020,CO
65.0,3.8,06,2020,CO
69.3,2.2,07,2020,CO
70.1,4.9,08,2020,CO
58.8,1.5,09,2020,CO
47.1,0.6,10,2020,CO
38.5,5.0,11,2020,CO
26.7,1.5,12,2020,CO
26.6,2.9,01,2021,CO
24.6,-2.8,02,2021,CO
35.7,2.0,03,2021,CO
43.0,0.5,04,2021,CO
52.8,1.0,05,2021,CO
65.7,4.5,06,2021,CO
69.9,2.8,07,2021,CO
67.3,2.1,08,2021,CO
62.4,5.1,09,2021,CO
47.8,1.3,10,2021,CO
40.7,7.2,11,2021,CO
32.4,7.2,12,2021,CO
27.6,-2.9,01,2016,WV
34.9,2.2,02,2016,WV
48.5,7.4,03,2016,WV
53.0,2.1,04,2016,WV
59.5,-1.0,05,2016,WV
69.5,1.4,06,2016,WV
73.7,1.8,07,2016,WV
75.1,4.7,08,2016,WV
69.4,5.0,09,2016,WV
57.3,4.0,10,2016,WV
45.6,3.5,11,2016,WV
35.6,2.5,12,2016,WV
37.5,7.0,01,2017,WV
42.1,9.4,02,2017,WV
42.3,1.2,03,2017,WV
57.5,6.6,04,2017,WV
61.0,0.5,05,2017,WV
67.7,-0.4,06,2017,WV
72.4,0.5,07,2017,WV
69.3,-1.1,08,2017,WV
64.6,0.2,09,2017,WV
57.5,4.2,10,2017,WV
43.2,1.1,11,2017,WV
33.0,-0.1,12,2017,WV
27.0,-3.5,01,2018,WV
41.7,9.0,02,2018,WV
38.0,-3.1,03,2018,WV
47.7,-3.2,04,2018,WV
67.9,7.4,05,2018,WV
70.0,1.9,06,2018,WV
72.5,0.6,07,2018,WV
72.4,2.0,08,2018,WV
70.4,6.0,09,2018,WV
55.3,2.0,10,2018,WV
40.0,-2.1,11,2018,WV
36.7,3.6,12,2018,WV
32.0,1.5,01,2019,WV
38.5,5.8,02,2019,WV
40.1,-1.0,03,2019,WV
54.9,4.0,04,2019,WV
65.5,5.0,05,2019,WV
67.6,-0.5,06,2019,WV
74.3,2.4,07,2019,WV
71.5,1.1,08,2019,WV
70.0,5.6,09,2019,WV
57.7,4.4,10,2019,WV
39.3,-2.8,11,2019,WV
38.5,5.4,12,2019,WV
37.3,6.8,01,2020,WV
38.0,5.3,02,2020,WV
47.8,6.7,03,2020,WV
48.9,-2.0,04,2020,WV
57.8,-2.7,05,2020,WV
68.1,0.0,06,2020,WV
75.6,3.7,07,2020,WV
72.5,2.1,08,2020,WV
64.2,-0.2,09,2020,WV
55.4,2.1,10,2020,WV
47.5,5.4,11,2020,WV
34.3,1.2,12,2020,WV
32.6,2.1,01,2021,WV
31.5,-1.2,02,2021,WV
45.7,4.6,03,2021,WV
51.2,0.3,04,2021,WV
58.6,-1.9,05,2021,WV
69.2,1.1,06,2021,WV
72.1,0.2,07,2021,WV
73.9,3.5,08,2021,WV
65.5,1.1,09,2021,WV
59.4,6.1,10,2021,WV
41.0,-1.1,11,2021,WV
42.5,9.4,12,2021,WV
38.4,-1.6,01,2016,NC
43.2,1.3,02,2016,NC
56.2,6.9,03,2016,NC
58.7,0.9,04,2016,NC
65.8,-0.6,05,2016,NC
75.3,1.7,06,2016,NC
80.1,3.2,07,2016,NC
79.2,3.6,08,2016,NC
74.3,4.0,09,2016,NC
63.2,3.6,10,2016,NC
51.7,2.4,11,2016,NC
44.0,2.5,12,2016,NC
45.4,5.4,01,2017,NC
50.7,8.8,02,2017,NC
50.0,0.7,03,2017,NC
63.9,6.1,04,2017,NC
67.7,1.3,05,2017,NC
73.8,0.2,06,2017,NC
78.7,1.8,07,2017,NC
75.8,0.2,08,2017,NC
70.5,0.2,09,2017,NC
62.8,3.2,10,2017,NC
50.3,1.0,11,2017,NC
42.4,0.9,12,2017,NC
35.9,-4.1,01,2018,NC
51.9,10.0,02,2018,NC
46.3,-3.0,03,2018,NC
56.1,-1.7,04,2018,NC
71.6,5.2,05,2018,NC
76.8,3.2,06,2018,NC
77.2,0.3,07,2018,NC
77.3,1.7,08,2018,NC
76.2,5.9,09,2018,NC
62.5,2.9,10,2018,NC
48.4,-0.9,11,2018,NC
45.0,3.5,12,2018,NC
42.0,2.0,01,2019,NC
48.1,6.2,02,2019,NC
48.8,-0.5,03,2019,NC
61.1,3.3,04,2019,NC
72.2,5.8,05,2019,NC
74.2,0.6,06,2019,NC
79.0,2.1,07,2019,NC
77.0,1.4,08,2019,NC
74.9,4.6,09,2019,NC
64.6,5.0,10,2019,NC
47.4,-1.9,11,2019,NC
46.6,5.1,12,2019,NC
46.0,6.0,01,2020,NC
47.0,5.1,02,2020,NC
55.9,6.6,03,2020,NC
57.4,-0.4,04,2020,NC
63.6,-2.8,05,2020,NC
73.2,-0.4,06,2020,NC
79.6,2.7,07,2020,NC
77.5,1.9,08,2020,NC
69.7,-0.6,09,2020,NC
63.0,3.4,10,2020,NC
54.8,5.5,11,2020,NC
42.2,0.7,12,2020,NC
40.8,0.8,01,2021,NC
42.1,0.2,02,2021,NC
53.1,3.8,03,2021,NC
58.5,0.7,04,2021,NC
65.5,-0.9,05,2021,NC
73.8,0.2,06,2021,NC
77.0,0.1,07,2021,NC
77.8,2.2,08,2021,NC
70.6,0.3,09,2021,NC
64.4,4.8,10,2021,NC
48.0,-1.3,11,2021,NC
50.7,9.2,12,2021,NC
56.9,-0.9,01,2016,FL
59.4,0.0,02,2016,FL
68.8,4.8,03,2016,FL
71.2,1.9,04,2016,FL
76.2,1.1,05,2016,FL
81.9,2.4,06,2016,FL
84.0,3.0,07,2016,FL
83.0,1.9,08,2016,FL
81.1,2.0,09,2016,FL
74.6,2.3,10,2016,FL
66.6,2.3,11,2016,FL
65.9,7.1,12,2016,FL
62.8,5.0,01,2017,FL
65.5,6.1,02,2017,FL
66.2,2.2,03,2017,FL
72.3,3.0,04,2017,FL
77.1,2.0,05,2017,FL
80.2,0.7,06,2017,FL
82.8,1.8,07,2017,FL
82.8,1.7,08,2017,FL
80.4,1.3,09,2017,FL
74.9,2.6,10,2017,FL
67.4,3.1,11,2017,FL
61.7,2.9,12,2017,FL
55.0,-2.8,01,2018,FL
69.2,9.8,02,2018,FL
63.0,-1.0,03,2018,FL
70.2,0.9,04,2018,FL
76.4,1.3,05,2018,FL
81.5,2.0,06,2018,FL
82.4,1.4,07,2018,FL
82.2,1.1,08,2018,FL
82.4,3.3,09,2018,FL
76.5,4.2,10,2018,FL
66.7,2.4,11,2018,FL
61.8,3.0,12,2018,FL
58.4,0.6,01,2019,FL
67.5,8.1,02,2019,FL
65.7,1.7,03,2019,FL
71.2,1.9,04,2019,FL
78.8,3.7,05,2019,FL
82.3,2.8,06,2019,FL
82.8,1.8,07,2019,FL
82.9,1.8,08,2019,FL
81.9,2.8,09,2019,FL
77.9,5.6,10,2019,FL
64.9,0.6,11,2019,FL
63.9,5.1,12,2019,FL
61.8,4.0,01,2020,FL
63.6,4.2,02,2020,FL
71.0,7.0,03,2020,FL
73.1,3.8,04,2020,FL
75.8,0.7,05,2020,FL
81.0,1.5,06,2020,FL
83.0,2.0,07,2020,FL
83.2,2.1,08,2020,FL
80.6,1.5,09,2020,FL
77.2,4.9,10,2020,FL
70.8,6.5,11,2020,FL
57.6,-1.2,12,2020,FL
58.7,0.9,01,2021,FL
63.7,4.3,02,2021,FL
67.7,3.7,03,2021,FL
69.8,0.5,04,2021,FL
76.2,1.1,05,2021,FL
80.7,1.2,06,2021,FL
81.9,0.9,07,2021,FL
82.6,1.5,08,2021,FL
79.7,0.6,09,2021,FL
75.4,3.1,10,2021,FL
63.6,-0.7,11,2021,FL
66.6,7.8,12,2021,FL
20.9,5.6,01,2016,VT
23.9,7.4,02,2016,VT
33.6,6.4,03,2016,VT
38.2,-1.7,04,2016,VT
54.0,1.8,05,2016,VT
62.0,1.0,06,2016,VT
67.4,1.5,07,2016,VT
67.5,4.1,08,2016,VT
59.9,3.9,09,2016,VT
47.7,2.5,10,2016,VT
36.8,3.6,11,2016,VT
23.9,3.7,12,2016,VT
24.8,9.5,01,2017,VT
25.6,9.1,02,2017,VT
23.5,-3.7,03,2017,VT
45.2,5.3,04,2017,VT
51.8,-0.4,05,2017,VT
61.5,0.5,06,2017,VT
65.2,-0.7,07,2017,VT
63.3,-0.1,08,2017,VT
60.8,4.8,09,2017,VT
53.0,7.8,10,2017,VT
33.0,-0.2,11,2017,VT
17.9,-2.3,12,2017,VT
16.5,1.2,01,2018,VT
25.5,9.0,02,2018,VT
28.2,1.0,03,2018,VT
36.1,-3.8,04,2018,VT
56.5,4.3,05,2018,VT
60.1,-0.9,06,2018,VT
69.2,3.3,07,2018,VT
68.4,5.0,08,2018,VT
60.6,4.6,09,2018,VT
44.5,-0.7,10,2018,VT
30.0,-3.2,11,2018,VT
23.0,2.8,12,2018,VT
14.9,-0.4,01,2019,VT
19.0,2.5,02,2019,VT
25.9,-1.3,03,2019,VT
41.2,1.3,04,2019,VT
50.8,-1.4,05,2019,VT
60.5,-0.5,06,2019,VT
68.9,3.0,07,2019,VT
64.6,1.2,08,2019,VT
56.8,0.8,09,2019,VT
47.3,2.1,10,2019,VT
29.3,-3.9,11,2019,VT
23.3,3.1,12,2019,VT
23.4,8.1,01,2020,VT
22.4,5.9,02,2020,VT
33.0,5.8,03,2020,VT
38.8,-1.1,04,2020,VT
52.6,0.4,05,2020,VT
62.8,1.8,06,2020,VT
70.9,5.0,07,2020,VT
65.2,1.8,08,2020,VT
57.2,1.2,09,2020,VT
46.4,1.2,10,2020,VT
37.9,4.7,11,2020,VT
27.3,7.1,12,2020,VT
20.5,5.2,01,2021,VT
18.7,2.2,02,2021,VT
30.8,3.6,03,2021,VT
43.2,3.3,04,2021,VT
53.4,1.2,05,2021,VT
65.6,4.6,06,2021,VT
64.9,-1.0,07,2021,VT
68.9,5.5,08,2021,VT
59.6,3.6,09,2021,VT
51.8,6.6,10,2021,VT
34.3,1.1,11,2021,VT
28.2,8.0,12,2021,VT
38.2,1.7,01,2016,OK
47.4,6.2,02,2016,OK
54.7,5.4,03,2016,OK
61.4,2.0,04,2016,OK
66.2,-1.8,05,2016,OK
79.2,2.3,06,2016,OK
83.2,1.5,07,2016,OK
80.8,-0.1,08,2016,OK
75.3,2.2,09,2016,OK
67.1,5.5,10,2016,OK
55.4,7.0,11,2016,OK
38.8,-0.1,12,2016,OK
40.9,4.4,01,2017,OK
50.5,9.3,02,2017,OK
56.2,6.9,03,2017,OK
61.4,2.0,04,2017,OK
66.9,-1.1,05,2017,OK
77.3,0.4,06,2017,OK
82.5,0.8,07,2017,OK
77.3,-3.6,08,2017,OK
73.3,0.2,09,2017,OK
62.0,0.4,10,2017,OK
52.9,4.5,11,2017,OK
40.5,1.6,12,2017,OK
36.6,0.1,01,2018,OK
41.0,-0.2,02,2018,OK
53.0,3.7,03,2018,OK
54.2,-5.2,04,2018,OK
75.1,7.1,05,2018,OK
80.6,3.7,06,2018,OK
82.7,1.0,07,2018,OK
79.9,-1.0,08,2018,OK
73.9,0.8,09,2018,OK
60.1,-1.5,10,2018,OK
44.5,-3.9,11,2018,OK
40.8,1.9,12,2018,OK
38.3,1.8,01,2019,OK
40.3,-0.9,02,2019,OK
47.3,-2.0,03,2019,OK
60.4,1.0,04,2019,OK
67.0,-1.0,05,2019,OK
75.4,-1.5,06,2019,OK
80.8,-0.9,07,2019,OK
82.4,1.5,08,2019,OK
79.7,6.6,09,2019,OK
57.4,-4.2,10,2019,OK
46.2,-2.2,11,2019,OK
43.2,4.3,12,2019,OK
42.2,5.7,01,2020,OK
41.8,0.6,02,2020,OK
55.5,6.2,03,2020,OK
57.9,-1.5,04,2020,OK
67.2,-0.8,05,2020,OK
78.8,1.9,06,2020,OK
82.6,0.9,07,2020,OK
79.4,-1.5,08,2020,OK
70.3,-2.8,09,2020,OK
58.3,-3.3,10,2020,OK
53.5,5.1,11,2020,OK
41.0,2.1,12,2020,OK
39.8,3.3,01,2021,OK
31.3,-9.9,02,2021,OK
53.9,4.6,03,2021,OK
57.5,-1.9,04,2021,OK
65.9,-2.1,05,2021,OK
77.4,0.5,06,2021,OK
80.0,-1.7,07,2021,OK
81.3,0.4,08,2021,OK
76.8,3.7,09,2021,OK
64.4,2.8,10,2021,OK
51.2,2.8,11,2021,OK
50.5,11.6,12,2021,OK
27.5,1.0,01,2016,IN
33.9,4.5,02,2016,IN
47.3,7.8,03,2016,IN
52.0,1.4,04,2016,IN
60.6,-0.7,05,2016,IN
72.9,2.4,06,2016,IN
74.6,0.1,07,2016,IN
75.7,3.4,08,2016,IN
69.9,4.2,09,2016,IN
59.5,5.6,10,2016,IN
47.0,5.9,11,2016,IN
29.8,-0.5,12,2016,IN
33.8,7.3,01,2017,IN
41.3,11.9,02,2017,IN
42.6,3.1,03,2017,IN
57.0,6.4,04,2017,IN
60.9,-0.4,05,2017,IN
71.1,0.6,06,2017,IN
74.2,-0.3,07,2017,IN
70.0,-2.3,08,2017,IN
67.2,1.5,09,2017,IN
57.6,3.7,10,2017,IN
42.4,1.3,11,2017,IN
29.6,-0.7,12,2017,IN
24.5,-2.0,01,2018,IN
35.1,5.7,02,2018,IN
38.2,-1.3,03,2018,IN
45.1,-5.5,04,2018,IN
69.7,8.4,05,2018,IN
73.4,2.9,06,2018,IN
74.1,-0.4,07,2018,IN
74.0,1.7,08,2018,IN
69.9,4.2,09,2018,IN
54.9,1.0,10,2018,IN
36.8,-4.3,11,2018,IN
35.4,5.1,12,2018,IN
27.0,0.5,01,2019,IN
32.3,2.9,02,2019,IN
37.2,-2.3,03,2019,IN
52.2,1.6,04,2019,IN
62.6,1.3,05,2019,IN
69.9,-0.6,06,2019,IN
76.3,1.8,07,2019,IN
72.3,0.0,08,2019,IN
70.8,5.1,09,2019,IN
55.5,1.6,10,2019,IN
36.5,-4.6,11,2019,IN
36.2,5.9,12,2019,IN
34.3,7.8,01,2020,IN
32.8,3.4,02,2020,IN
44.6,5.1,03,2020,IN
48.9,-1.7,04,2020,IN
59.7,-1.6,05,2020,IN
72.1,1.6,06,2020,IN
76.5,2.0,07,2020,IN
72.0,-0.3,08,2020,IN
65.2,-0.5,09,2020,IN
53.1,-0.8,10,2020,IN
46.7,5.6,11,2020,IN
33.6,3.3,12,2020,IN
30.5,4.0,01,2021,IN
23.7,-5.7,02,2021,IN
45.8,6.3,03,2021,IN
51.9,1.3,04,2021,IN
59.6,-1.7,05,2021,IN
72.6,2.1,06,2021,IN
73.7,-0.8,07,2021,IN
75.1,2.8,08,2021,IN
68.4,2.7,09,2021,IN
60.2,6.3,10,2021,IN
40.0,-1.1,11,2021,IN
40.6,10.3,12,2021,IN
34.3,0.7,01,2016,NM
42.0,4.2,02,2016,NM
48.3,4.8,03,2016,NM
52.3,0.9,04,2016,NM
59.4,-0.8,05,2016,NM
73.0,3.8,06,2016,NM
76.9,4.2,07,2016,NM
70.1,-0.8,08,2016,NM
65.9,1.4,09,2016,NM
59.6,5.5,10,2016,NM
46.7,4.6,11,2016,NM
37.8,3.5,12,2016,NM
37.2,3.6,01,2017,NM
44.5,6.7,02,2017,NM
51.2,7.7,03,2017,NM
53.7,2.3,04,2017,NM
60.1,-0.1,05,2017,NM
72.8,3.6,06,2017,NM
74.6,1.9,07,2017,NM
70.8,-0.1,08,2017,NM
66.4,1.9,09,2017,NM
56.4,2.3,10,2017,NM
50.2,8.1,11,2017,NM
38.7,4.4,12,2017,NM
37.0,3.4,01,2018,NM
41.3,3.5,02,2018,NM
47.2,3.7,03,2018,NM
55.1,3.7,04,2018,NM
65.5,5.3,05,2018,NM
74.3,5.1,06,2018,NM
75.1,2.4,07,2018,NM
73.0,2.1,08,2018,NM
66.9,2.4,09,2018,NM
53.9,-0.2,10,2018,NM
41.2,-0.9,11,2018,NM
35.6,1.3,12,2018,NM
35.6,2.0,01,2019,NM
38.1,0.3,02,2019,NM
45.6,2.1,03,2019,NM
53.9,2.5,04,2019,NM
58.1,-2.1,05,2019,NM
69.4,0.2,06,2019,NM
75.5,2.8,07,2019,NM
75.3,4.4,08,2019,NM
69.0,4.5,09,2019,NM
52.2,-1.9,10,2019,NM
43.5,1.4,11,2019,NM
37.2,2.9,12,2019,NM
37.1,3.5,01,2020,NM
38.5,0.7,02,2020,NM
48.0,4.5,03,2020,NM
54.0,2.6,04,2020,NM
65.1,4.9,05,2020,NM
72.5,3.3,06,2020,NM
76.6,3.9,07,2020,NM
76.2,5.3,08,2020,NM
65.0,0.5,09,2020,NM
56.6,2.5,10,2020,NM
47.5,5.4,11,2020,NM
35.0,0.7,12,2020,NM
35.0,1.4,01,2021,NM
37.2,-0.6,02,2021,NM
44.8,1.3,03,2021,NM
53.1,1.7,04,2021,NM
62.6,2.4,05,2021,NM
73.1,3.9,06,2021,NM
73.3,0.6,07,2021,NM
72.1,1.2,08,2021,NM
68.2,3.7,09,2021,NM
55.5,1.4,10,2021,NM
47.6,5.5,11,2021,NM
41.9,7.6,12,2021,NM
12.6,6.1,01,2016,MN
19.9,7.8,02,2016,MN
35.7,10.4,03,2016,MN
42.5,1.2,04,2016,MN
56.7,2.5,05,2016,MN
65.6,1.9,06,2016,MN
69.3,0.5,07,2016,MN
68.1,1.8,08,2016,MN
60.7,3.9,09,2016,MN
48.2,3.2,10,2016,MN
40.2,12.3,11,2016,MN
15.3,2.4,12,2016,MN
14.6,8.1,01,2017,MN
23.9,11.8,02,2017,MN
28.2,2.9,03,2017,MN
44.4,3.1,04,2017,MN
53.6,-0.6,05,2017,MN
65.0,1.3,06,2017,MN
69.2,0.4,07,2017,MN
64.0,-2.3,08,2017,MN
60.8,4.0,09,2017,MN
47.1,2.1,10,2017,MN
27.4,-0.5,11,2017,MN
13.4,0.5,12,2017,MN
10.4,3.9,01,2018,MN
8.6,-3.5,02,2018,MN
27.5,2.2,03,2018,MN
32.7,-8.6,04,2018,MN
61.1,6.9,05,2018,MN
67.0,3.3,06,2018,MN
69.7,0.9,07,2018,MN
67.4,1.1,08,2018,MN
59.0,2.2,09,2018,MN
40.7,-4.3,10,2018,MN
22.8,-5.1,11,2018,MN
20.2,7.3,12,2018,MN
6.6,0.1,01,2019,MN
5.3,-6.8,02,2019,MN
22.6,-2.7,03,2019,MN
41.4,0.1,04,2019,MN
50.5,-3.7,05,2019,MN
64.4,0.7,06,2019,MN
70.4,1.6,07,2019,MN
65.2,-1.1,08,2019,MN
60.2,3.4,09,2019,MN
42.4,-2.6,10,2019,MN
26.0,-1.9,11,2019,MN
16.6,3.7,12,2019,MN
14.1,7.6,01,2020,MN
14.0,1.9,02,2020,MN
30.4,5.1,03,2020,MN
39.4,-1.9,04,2020,MN
53.5,-0.7,05,2020,MN
67.7,4.0,06,2020,MN
71.3,2.5,07,2020,MN
68.2,1.9,08,2020,MN
56.5,-0.3,09,2020,MN
38.9,-6.1,10,2020,MN
33.9,6.0,11,2020,MN
21.0,8.1,12,2020,MN
18.3,11.8,01,2021,MN
6.6,-5.5,02,2021,MN
35.6,10.3,03,2021,MN
42.2,0.9,04,2021,MN
55.1,0.9,05,2021,MN
69.9,6.2,06,2021,MN
71.1,2.3,07,2021,MN
69.4,3.1,08,2021,MN
61.6,4.8,09,2021,MN
51.4,6.4,10,2021,MN
32.2,4.3,11,2021,MN
18.1,5.2,12,2021,MN
31.1,1.2,01,2016,NV
38.0,3.9,02,2016,NV
44.2,4.7,03,2016,NV
50.1,3.5,04,2016,NV
55.1,0.1,05,2016,NV
69.7,5.8,06,2016,NV
73.7,1.6,07,2016,NV
72.1,2.0,08,2016,NV
62.3,0.6,09,2016,NV
53.2,2.5,10,2016,NV
43.2,4.3,11,2016,NV
30.5,-0.7,12,2016,NV
29.1,-0.8,01,2017,NV
38.1,4.0,02,2017,NV
45.7,6.2,03,2017,NV
47.1,0.5,04,2017,NV
57.1,2.1,05,2017,NV
68.6,4.7,06,2017,NV
76.2,4.1,07,2017,NV
73.5,3.4,08,2017,NV
61.6,-0.1,09,2017,NV
50.4,-0.3,10,2017,NV
44.4,5.5,11,2017,NV
34.8,3.6,12,2017,NV
38.5,8.6,01,2018,NV
33.7,-0.4,02,2018,NV
39.5,0.0,03,2018,NV
50.0,3.4,04,2018,NV
57.7,2.7,05,2018,NV
67.8,3.9,06,2018,NV
77.0,4.9,07,2018,NV
73.2,3.1,08,2018,NV
65.0,3.3,09,2018,NV
50.3,-0.4,10,2018,NV
39.4,0.5,11,2018,NV
32.0,0.8,12,2018,NV
34.1,4.2,01,2019,NV
30.0,-4.1,02,2019,NV
40.1,0.6,03,2019,NV
50.1,3.5,04,2019,NV
51.7,-3.3,05,2019,NV
64.3,0.4,06,2019,NV
72.8,0.7,07,2019,NV
73.1,3.0,08,2019,NV
61.7,0.0,09,2019,NV
45.6,-5.1,10,2019,NV
41.8,2.9,11,2019,NV
33.2,2.0,12,2019,NV
35.3,5.4,01,2020,NV
36.3,2.2,02,2020,NV
40.5,1.0,03,2020,NV
48.8,2.2,04,2020,NV
58.8,3.8,05,2020,NV
65.0,1.1,06,2020,NV
74.2,2.1,07,2020,NV
75.6,5.5,08,2020,NV
66.6,4.9,09,2020,NV
55.3,4.6,10,2020,NV
40.5,1.6,11,2020,NV
32.4,1.2,12,2020,NV
33.7,3.8,01,2021,NV
35.7,1.6,02,2021,NV
39.2,-0.3,03,2021,NV
49.4,2.8,04,2021,NV
57.2,2.2,05,2021,NV
72.6,8.7,06,2021,NV
77.7,5.6,07,2021,NV
72.4,2.3,08,2021,NV
65.6,3.9,09,2021,NV
49.5,-1.2,10,2021,NV
45.1,6.2,11,2021,NV
32.4,1.2,12,2021,NV
34.3,1.0,01,2016,DE
38.5,4.1,02,2016,DE
49.7,7.0,03,2016,DE
53.1,1.1,04,2016,DE
61.7,-0.4,05,2016,DE
72.4,1.7,06,2016,DE
79.6,4.1,07,2016,DE
78.6,4.9,08,2016,DE
72.0,4.6,09,2016,DE
60.3,3.9,10,2016,DE
49.0,3.3,11,2016,DE
39.2,3.0,12,2016,DE
39.1,5.8,01,2017,DE
44.4,10.0,02,2017,DE
43.8,1.1,03,2017,DE
59.6,7.6,04,2017,DE
62.8,0.7,05,2017,DE
73.6,2.9,06,2017,DE
78.4,2.9,07,2017,DE
74.0,0.3,08,2017,DE
69.8,2.4,09,2017,DE
62.4,6.0,10,2017,DE
47.5,1.8,11,2017,DE
36.1,-0.1,12,2017,DE
32.8,-0.5,01,2018,DE
43.2,8.8,02,2018,DE
40.5,-2.2,03,2018,DE
51.6,-0.4,04,2018,DE
68.3,6.2,05,2018,DE
72.6,1.9,06,2018,DE
77.2,1.7,07,2018,DE
78.6,4.9,08,2018,DE
73.6,6.2,09,2018,DE
60.2,3.8,10,2018,DE
45.7,0.0,11,2018,DE
41.4,5.2,12,2018,DE
35.3,2.0,01,2019,DE
38.7,4.3,02,2019,DE
43.2,0.5,03,2019,DE
58.7,6.7,04,2019,DE
66.9,4.8,05,2019,DE
73.8,3.1,06,2019,DE
79.8,4.3,07,2019,DE
76.4,2.7,08,2019,DE
71.6,4.2,09,2019,DE
61.5,5.1,10,2019,DE
43.6,-2.1,11,2019,DE
40.0,3.8,12,2019,DE
40.2,6.9,01,2020,DE
41.9,7.5,02,2020,DE
49.5,6.8,03,2020,DE
51.8,-0.2,04,2020,DE
60.6,-1.5,05,2020,DE
73.7,3.0,06,2020,DE
80.7,5.2,07,2020,DE
77.2,3.5,08,2020,DE
68.7,1.3,09,2020,DE
60.0,3.6,10,2020,DE
51.8,6.1,11,2020,DE
39.7,3.5,12,2020,DE
36.1,2.8,01,2021,DE
35.4,1.0,02,2021,DE
47.4,4.7,03,2021,DE
55.3,3.3,04,2021,DE
63.4,1.3,05,2021,DE
73.7,3.0,06,2021,DE
77.6,2.1,07,2021,DE
77.0,3.3,08,2021,DE
69.9,2.5,09,2021,DE
63.0,6.6,10,2021,DE
45.1,-0.6,11,2021,DE
43.9,7.7,12,2021,DE
31.6,-2.0,01,2016,KY
38.9,2.4,02,2016,KY
51.8,6.4,03,2016,KY
57.3,2.1,04,2016,KY
62.9,-1.5,05,2016,KY
74.9,2.3,06,2016,KY
77.9,1.6,07,2016,KY
78.0,3.2,08,2016,KY
72.2,3.6,09,2016,KY
62.7,5.7,10,2016,KY
49.9,4.6,11,2016,KY
37.0,0.8,12,2016,KY
40.9,7.3,01,2017,KY
46.2,9.7,02,2017,KY
47.9,2.5,03,2017,KY
61.5,6.3,04,2017,KY
65.0,0.6,05,2017,KY
71.7,-0.9,06,2017,KY
76.9,0.6,07,2017,KY
73.1,-1.7,08,2017,KY
68.3,-0.3,09,2017,KY
59.4,2.4,10,2017,KY
47.1,1.8,11,2017,KY
35.8,-0.4,12,2017,KY
30.0,-3.6,01,2018,KY
44.6,8.1,02,2018,KY
44.1,-1.3,03,2018,KY
50.7,-4.5,04,2018,KY
71.8,7.4,05,2018,KY
75.5,2.9,06,2018,KY
76.6,0.3,07,2018,KY
75.8,1.0,08,2018,KY
73.1,4.5,09,2018,KY
58.9,1.9,10,2018,KY
41.9,-3.4,11,2018,KY
40.5,4.3,12,2018,KY
35.1,1.5,01,2019,KY
42.3,5.8,02,2019,KY
43.1,-2.3,03,2019,KY
57.8,2.6,04,2019,KY
68.4,4.0,05,2019,KY
71.9,-0.7,06,2019,KY
77.4,1.1,07,2019,KY
75.6,0.8,08,2019,KY
74.8,6.2,09,2019,KY
60.0,3.0,10,2019,KY
41.2,-4.1,11,2019,KY
42.1,5.9,12,2019,KY
40.2,6.6,01,2020,KY
39.7,3.2,02,2020,KY
51.4,6.0,03,2020,KY
52.8,-2.4,04,2020,KY
62.2,-2.2,05,2020,KY
72.6,0.0,06,2020,KY
78.7,2.4,07,2020,KY
74.8,0.0,08,2020,KY
68.3,-0.3,09,2020,KY
57.8,0.8,10,2020,KY
49.9,4.6,11,2020,KY
37.3,1.1,12,2020,KY
35.7,2.1,01,2021,KY
32.3,-4.2,02,2021,KY
50.5,5.1,03,2021,KY
54.5,-0.7,04,2021,KY
62.4,-2.0,05,2021,KY
73.4,0.8,06,2021,KY
75.9,-0.4,07,2021,KY
76.6,1.8,08,2021,KY
68.9,0.3,09,2021,KY
62.5,5.5,10,2021,KY
43.4,-1.9,11,2021,KY
47.6,11.4,12,2021,KY
27.2,0.3,01,2016,OH
33.6,4.6,02,2016,OH
46.5,8.0,03,2016,OH
50.2,1.0,04,2016,OH
59.7,-0.3,05,2016,OH
71.2,2.3,06,2016,OH
74.8,1.8,07,2016,OH
76.0,5.1,08,2016,OH
69.2,4.7,09,2016,OH
57.7,4.9,10,2016,OH
45.8,5.0,11,2016,OH
31.0,0.6,12,2016,OH
34.6,7.7,01,2017,OH
40.5,11.5,02,2017,OH
40.4,1.9,03,2017,OH
56.6,7.4,04,2017,OH
60.1,0.1,05,2017,OH
69.6,0.7,06,2017,OH
73.0,0.0,07,2017,OH
69.7,-1.2,08,2017,OH
65.8,1.3,09,2017,OH
57.4,4.6,10,2017,OH
41.8,1.0,11,2017,OH
29.2,-1.2,12,2017,OH
25.0,-1.9,01,2018,OH
36.6,7.6,02,2018,OH
36.4,-2.1,03,2018,OH
45.1,-4.1,04,2018,OH
68.0,8.0,05,2018,OH
71.4,2.5,06,2018,OH
73.8,0.8,07,2018,OH
73.6,2.7,08,2018,OH
69.6,5.1,09,2018,OH
54.3,1.5,10,2018,OH
37.4,-3.4,11,2018,OH
35.1,4.7,12,2018,OH
27.4,0.5,01,2019,OH
33.0,4.0,02,2019,OH
36.8,-1.7,03,2019,OH
52.3,3.1,04,2019,OH
62.8,2.8,05,2019,OH
68.8,-0.1,06,2019,OH
75.9,2.9,07,2019,OH
71.8,0.9,08,2019,OH
69.8,5.3,09,2019,OH
56.5,3.7,10,2019,OH
37.4,-3.4,11,2019,OH
36.2,5.8,12,2019,OH
34.9,8.0,01,2020,OH
32.8,3.8,02,2020,OH
44.7,6.2,03,2020,OH
47.8,-1.4,04,2020,OH
58.4,-1.6,05,2020,OH
70.4,1.5,06,2020,OH
76.9,3.9,07,2020,OH
72.2,1.3,08,2020,OH
64.7,0.2,09,2020,OH
53.5,0.7,10,2020,OH
46.4,5.6,11,2020,OH
33.6,3.2,12,2020,OH
30.9,4.0,01,2021,OH
25.2,-3.8,02,2021,OH
44.7,6.2,03,2021,OH
51.4,2.2,04,2021,OH
58.8,-1.2,05,2021,OH
71.5,2.6,06,2021,OH
72.9,-0.1,07,2021,OH
74.6,3.7,08,2021,OH
66.9,2.4,09,2021,OH
60.3,7.5,10,2021,OH
40.5,-0.3,11,2021,OH
40.2,9.8,12,2021,OH
33.1,-1.7,01,2016,VA
38.4,1.7,02,2016,VA
51.8,7.1,03,2016,VA
55.1,1.1,04,2016,VA
61.9,-1.3,05,2016,VA
71.8,0.9,06,2016,VA
77.3,2.6,07,2016,VA
77.0,3.9,08,2016,VA
71.8,4.7,09,2016,VA
59.8,3.6,10,2016,VA
48.3,2.8,11,2016,VA
39.1,2.3,12,2016,VA
40.1,5.3,01,2017,VA
46.0,9.3,02,2017,VA
45.9,1.2,03,2017,VA
60.6,6.6,04,2017,VA
63.4,0.2,05,2017,VA
71.2,0.3,06,2017,VA
76.8,2.1,07,2017,VA
72.8,-0.3,08,2017,VA
67.4,0.3,09,2017,VA
60.2,4.0,10,2017,VA
46.1,0.6,11,2017,VA
37.2,0.4,12,2017,VA
31.8,-3.0,01,2018,VA
45.2,8.5,02,2018,VA
41.2,-3.5,03,2018,VA
52.2,-1.8,04,2018,VA
69.7,6.5,05,2018,VA
73.1,2.2,06,2018,VA
75.1,0.4,07,2018,VA
75.2,2.1,08,2018,VA
72.8,5.7,09,2018,VA
59.0,2.8,10,2018,VA
43.8,-1.7,11,2018,VA
39.7,2.9,12,2018,VA
36.3,1.5,01,2019,VA
41.8,5.1,02,2019,VA
43.9,-0.8,03,2019,VA
58.1,4.1,04,2019,VA
68.9,5.7,05,2019,VA
71.2,0.3,06,2019,VA
77.1,2.4,07,2019,VA
74.7,1.6,08,2019,VA
72.5,5.4,09,2019,VA
60.6,4.4,10,2019,VA
43.1,-2.4,11,2019,VA
41.5,4.7,12,2019,VA
40.6,5.8,01,2020,VA
42.4,5.7,02,2020,VA
51.7,7.0,03,2020,VA
53.3,-0.7,04,2020,VA
60.5,-2.7,05,2020,VA
71.3,0.4,06,2020,VA
78.7,4.0,07,2020,VA
75.5,2.4,08,2020,VA
66.4,-0.7,09,2020,VA
59.0,2.8,10,2020,VA
51.3,5.8,11,2020,VA
38.4,1.6,12,2020,VA
36.6,1.8,01,2021,VA
36.6,-0.1,02,2021,VA
48.5,3.8,03,2021,VA
55.3,1.3,04,2021,VA
62.3,-0.9,05,2021,VA
72.0,1.1,06,2021,VA
75.9,1.2,07,2021,VA
76.3,3.2,08,2021,VA
68.5,1.4,09,2021,VA
62.4,6.2,10,2021,VA
44.5,-1.0,11,2021,VA
45.8,9.0,12,2021,VA
14.6,8.2,01,2016,ND
25.6,13.7,02,2016,ND
36.3,11.5,03,2016,ND
41.8,0.6,04,2016,ND
56.6,2.9,05,2016,ND
66.0,3.1,06,2016,ND
69.3,0.3,07,2016,ND
68.0,1.1,08,2016,ND
58.6,2.3,09,2016,ND
46.1,2.1,10,2016,ND
39.3,12.9,11,2016,ND
10.2,-2.5,12,2016,ND
11.2,4.8,01,2017,ND
20.5,8.6,02,2017,ND
27.4,2.6,03,2017,ND
42.7,1.5,04,2017,ND
54.8,1.1,05,2017,ND
64.8,1.9,06,2017,ND
72.2,3.2,07,2017,ND
65.2,-1.7,08,2017,ND
58.3,2.0,09,2017,ND
45.0,1.0,10,2017,ND
26.4,0.0,11,2017,ND
15.6,2.9,12,2017,ND
11.8,5.4,01,2018,ND
5.4,-6.5,02,2018,ND
24.7,-0.1,03,2018,ND
33.3,-7.9,04,2018,ND
60.2,6.5,05,2018,ND
67.4,4.5,06,2018,ND
69.3,0.3,07,2018,ND
67.6,0.7,08,2018,ND
55.0,-1.3,09,2018,ND
39.1,-4.9,10,2018,ND
22.9,-3.5,11,2018,ND
20.8,8.1,12,2018,ND
9.8,3.4,01,2019,ND
-2.7,-14.6,02,2019,ND
20.6,-4.2,03,2019,ND
41.8,0.6,04,2019,ND
49.6,-4.1,05,2019,ND
64.0,1.1,06,2019,ND
69.3,0.3,07,2019,ND
65.5,-1.4,08,2019,ND
58.3,2.0,09,2019,ND
37.6,-6.4,10,2019,ND
26.1,-0.3,11,2019,ND
16.1,3.4,12,2019,ND
12.9,6.5,01,2020,ND
17.8,5.9,02,2020,ND
29.8,5.0,03,2020,ND
37.6,-3.6,04,2020,ND
52.5,-1.2,05,2020,ND
66.9,4.0,06,2020,ND
70.3,1.3,07,2020,ND
69.2,2.3,08,2020,ND
57.1,0.8,09,2020,ND
37.8,-6.2,10,2020,ND
31.8,5.4,11,2020,ND
23.4,10.7,12,2020,ND
21.1,14.7,01,2021,ND
5.9,-6.0,02,2021,ND
35.8,11.0,03,2021,ND
40.7,-0.5,04,2021,ND
52.8,-0.9,05,2021,ND
69.3,6.4,06,2021,ND
73.8,4.8,07,2021,ND
68.9,2.0,08,2021,ND
62.3,6.0,09,2021,ND
48.6,4.6,10,2021,ND
32.6,6.2,11,2021,ND
14.1,1.4,12,2021,ND
33.0,4.6,01,2016,WA
39.1,6.0,02,2016,WA
41.8,3.2,03,2016,WA
51.6,6.5,04,2016,WA
55.1,3.3,05,2016,WA
59.9,2.2,06,2016,WA
63.6,-0.5,07,2016,WA
65.9,2.4,08,2016,WA
56.4,-0.5,09,2016,WA
47.4,0.2,10,2016,WA
43.0,6.4,11,2016,WA
26.1,-4.5,12,2016,WA
24.8,-3.6,01,2017,WA
31.0,-2.1,02,2017,WA
39.3,0.7,03,2017,WA
44.2,-0.9,04,2017,WA
53.7,1.9,05,2017,WA
59.5,1.8,06,2017,WA
67.1,3.0,07,2017,WA
68.6,5.1,08,2017,WA
59.8,2.9,09,2017,WA
46.2,-1.0,10,2017,WA
37.7,1.1,11,2017,WA
29.9,-0.7,12,2017,WA
35.4,7.0,01,2018,WA
32.4,-0.7,02,2018,WA
38.8,0.2,03,2018,WA
45.3,0.2,04,2018,WA
57.6,5.8,05,2018,WA
58.2,0.5,06,2018,WA
67.5,3.4,07,2018,WA
66.0,2.5,08,2018,WA
56.3,-0.6,09,2018,WA
47.4,0.2,10,2018,WA
38.6,2.0,11,2018,WA
33.1,2.5,12,2018,WA
34.2,5.8,01,2019,WA
25.3,-7.8,02,2019,WA
36.2,-2.4,03,2019,WA
46.3,1.2,04,2019,WA
55.6,3.8,05,2019,WA
59.5,1.8,06,2019,WA
63.8,-0.3,07,2019,WA
66.4,2.9,08,2019,WA
57.1,0.2,09,2019,WA
42.8,-4.4,10,2019,WA
37.6,1.0,11,2019,WA
33.5,2.9,12,2019,WA
34.2,5.8,01,2020,WA
35.6,2.5,02,2020,WA
38.3,-0.3,03,2020,WA
46.0,0.9,04,2020,WA
53.3,1.5,05,2020,WA
57.9,0.2,06,2020,WA
64.8,0.7,07,2020,WA
65.7,2.2,08,2020,WA
61.2,4.3,09,2020,WA
48.4,1.2,10,2020,WA
37.6,1.0,11,2020,WA
33.7,3.1,12,2020,WA
34.6,6.2,01,2021,WA
31.3,-1.8,02,2021,WA
39.7,1.1,03,2021,WA
46.8,1.7,04,2021,WA
52.6,0.8,05,2021,WA
64.6,6.9,06,2021,WA
69.8,5.7,07,2021,WA
65.8,2.3,08,2021,WA
58.0,1.1,09,2021,WA
46.6,-0.6,10,2021,WA
39.9,3.3,11,2021,WA
29.4,-1.2,12,2021,WA
29.7,4.3,01,2016,CT
32.0,5.7,02,2016,CT
43.2,7.8,03,2016,CT
46.8,0.8,04,2016,CT
58.4,1.6,05,2016,CT
67.4,2.0,06,2016,CT
74.1,3.4,07,2016,CT
73.9,5.3,08,2016,CT
66.2,4.7,09,2016,CT
53.5,2.5,10,2016,CT
43.5,3.3,11,2016,CT
32.6,3.4,12,2016,CT
32.7,7.3,01,2017,CT
34.6,8.3,02,2017,CT
33.4,-2.0,03,2017,CT
51.8,5.8,04,2017,CT
56.7,-0.1,05,2017,CT
67.0,1.6,06,2017,CT
71.5,0.8,07,2017,CT
69.1,0.5,08,2017,CT
66.0,4.5,09,2017,CT
58.6,7.6,10,2017,CT
41.0,0.8,11,2017,CT
28.7,-0.5,12,2017,CT
25.4,0.0,01,2018,CT
35.7,9.4,02,2018,CT
36.4,1.0,03,2018,CT
43.4,-2.6,04,2018,CT
62.2,5.4,05,2018,CT
66.4,1.0,06,2018,CT
74.0,3.3,07,2018,CT
74.3,5.7,08,2018,CT
66.1,4.6,09,2018,CT
52.3,1.3,10,2018,CT
39.1,-1.1,11,2018,CT
33.8,4.6,12,2018,CT
27.0,1.6,01,2019,CT
30.2,3.9,02,2019,CT
35.0,-0.4,03,2019,CT
49.1,3.1,04,2019,CT
57.1,0.3,05,2019,CT
66.5,1.1,06,2019,CT
74.9,4.2,07,2019,CT
70.6,2.0,08,2019,CT
63.2,1.7,09,2019,CT
53.6,2.6,10,2019,CT
38.1,-2.1,11,2019,CT
31.7,2.5,12,2019,CT
33.0,7.6,01,2020,CT
33.9,7.6,02,2020,CT
41.4,6.0,03,2020,CT
44.4,-1.6,04,2020,CT
56.4,-0.4,05,2020,CT
68.4,3.0,06,2020,CT
75.6,4.9,07,2020,CT
72.6,4.0,08,2020,CT
63.5,2.0,09,2020,CT
53.2,2.2,10,2020,CT
45.4,5.2,11,2020,CT
33.6,4.4,12,2020,CT
29.2,3.8,01,2021,CT
28.5,2.2,02,2021,CT
39.3,3.9,03,2021,CT
48.8,2.8,04,2021,CT
57.8,1.0,05,2021,CT
69.2,3.8,06,2021,CT
71.1,0.4,07,2021,CT
72.8,4.2,08,2021,CT
65.2,3.7,09,2021,CT
56.8,5.8,10,2021,CT
41.0,0.8,11,2021,CT
37.1,7.9,12,2021,CT
32.0,3.4,01,2016,KS
40.8,7.2,02,2016,KS
49.7,7.3,03,2016,KS
56.3,2.8,04,2016,KS
61.6,-1.8,05,2016,KS
77.5,4.1,06,2016,KS
79.7,0.8,07,2016,KS
76.4,-0.9,08,2016,KS
70.8,2.2,09,2016,KS
61.5,5.0,10,2016,KS
49.9,7.9,11,2016,KS
29.8,-1.7,12,2016,KS
33.0,4.4,01,2017,KS
43.1,9.5,02,2017,KS
48.9,6.5,03,2017,KS
55.6,2.1,04,2017,KS
62.2,-1.2,05,2017,KS
75.1,1.7,06,2017,KS
80.1,1.2,07,2017,KS
73.1,-4.2,08,2017,KS
70.5,1.9,09,2017,KS
57.6,1.1,10,2017,KS
45.2,3.2,11,2017,KS
33.6,2.1,12,2017,KS
29.9,1.3,01,2018,KS
31.9,-1.7,02,2018,KS
45.9,3.5,03,2018,KS
47.6,-5.9,04,2018,KS
71.1,7.7,05,2018,KS
78.2,4.8,06,2018,KS
78.7,-0.2,07,2018,KS
75.7,-1.6,08,2018,KS
70.1,1.5,09,2018,KS
53.6,-2.9,10,2018,KS
38.2,-3.8,11,2018,KS
34.3,2.8,12,2018,KS
31.3,2.7,01,2019,KS
27.9,-5.7,02,2019,KS
39.4,-3.0,03,2019,KS
55.4,1.9,04,2019,KS
60.5,-2.9,05,2019,KS
72.4,-1.0,06,2019,KS
78.6,-0.3,07,2019,KS
77.1,-0.2,08,2019,KS
75.2,6.6,09,2019,KS
51.1,-5.4,10,2019,KS
40.2,-1.8,11,2019,KS
36.7,5.2,12,2019,KS
34.0,5.4,01,2020,KS
34.9,1.3,02,2020,KS
47.9,5.5,03,2020,KS
52.7,-0.8,04,2020,KS
61.7,-1.7,05,2020,KS
77.7,4.3,06,2020,KS
79.2,0.3,07,2020,KS
76.4,-0.9,08,2020,KS
66.3,-2.3,09,2020,KS
52.6,-3.9,10,2020,KS
48.1,6.1,11,2020,KS
35.9,4.4,12,2020,KS
34.0,5.4,01,2021,KS
24.1,-9.5,02,2021,KS
48.1,5.7,03,2021,KS
52.4,-1.1,04,2021,KS
61.9,-1.5,05,2021,KS
75.8,2.4,06,2021,KS
77.7,-1.2,07,2021,KS
79.1,1.8,08,2021,KS
73.3,4.7,09,2021,KS
59.1,2.6,10,2021,KS
46.7,4.7,11,2021,KS
41.1,9.6,12,2021,KS
22.9,5.8,01,2016,NH
25.6,7.1,02,2016,NH
35.2,6.4,03,2016,NH
40.2,-0.5,04,2016,NH
54.8,2.2,05,2016,NH
62.6,1.1,06,2016,NH
68.5,2.0,07,2016,NH
68.2,4.1,08,2016,NH
60.5,4.0,09,2016,NH
48.0,2.2,10,2016,NH
37.9,3.8,11,2016,NH
24.4,2.7,12,2016,NH
25.7,8.6,01,2017,NH
26.7,8.2,02,2017,NH
25.3,-3.5,03,2017,NH
45.8,5.1,04,2017,NH
52.2,-0.4,05,2017,NH
62.6,1.1,06,2017,NH
66.5,0.0,07,2017,NH
64.1,0.0,08,2017,NH
62.2,5.7,09,2017,NH
53.9,8.1,10,2017,NH
34.6,0.5,11,2017,NH
19.6,-2.1,12,2017,NH
18.3,1.2,01,2018,NH
27.0,8.5,02,2018,NH
30.3,1.5,03,2018,NH
38.0,-2.7,04,2018,NH
57.3,4.7,05,2018,NH
61.4,-0.1,06,2018,NH
69.9,3.4,07,2018,NH
69.2,5.1,08,2018,NH
61.1,4.6,09,2018,NH
45.0,-0.8,10,2018,NH
31.2,-2.9,11,2018,NH
24.7,3.0,12,2018,NH
18.0,0.9,01,2019,NH
21.0,2.5,02,2019,NH
27.4,-1.4,03,2019,NH
42.4,1.7,04,2019,NH
51.3,-1.3,05,2019,NH
61.6,0.1,06,2019,NH
70.0,3.5,07,2019,NH
65.7,1.6,08,2019,NH
57.5,1.0,09,2019,NH
47.9,2.1,10,2019,NH
31.5,-2.6,11,2019,NH
24.7,3.0,12,2019,NH
25.2,8.1,01,2020,NH
24.2,5.7,02,2020,NH
34.2,5.4,03,2020,NH
39.6,-1.1,04,2020,NH
53.4,0.8,05,2020,NH
64.0,2.5,06,2020,NH
71.1,4.6,07,2020,NH
66.5,2.4,08,2020,NH
58.5,2.0,09,2020,NH
47.0,1.2,10,2020,NH
38.5,4.4,11,2020,NH
28.0,6.3,12,2020,NH
23.0,5.9,01,2021,NH
20.5,2.0,02,2021,NH
32.4,3.6,03,2021,NH
44.0,3.3,04,2021,NH
54.5,1.9,05,2021,NH
66.1,4.6,06,2021,NH
65.5,-1.0,07,2021,NH
69.2,5.1,08,2021,NH
60.4,3.9,09,2021,NH
52.0,6.2,10,2021,NH
36.0,1.9,11,2021,NH
29.0,7.3,12,2021,NH
22.3,4.2,01,2016,MI
25.3,6.2,02,2016,MI
36.1,7.1,03,2016,MI
40.8,-1.1,04,2016,MI
55.4,1.8,05,2016,MI
64.7,1.4,06,2016,MI
70.3,2.2,07,2016,MI
70.8,4.9,08,2016,MI
63.5,5.0,09,2016,MI
51.6,4.1,10,2016,MI
42.6,8.0,11,2016,MI
25.0,1.7,12,2016,MI
25.2,7.1,01,2017,MI
29.9,10.8,02,2017,MI
30.7,1.7,03,2017,MI
47.2,5.3,04,2017,MI
53.0,-0.6,05,2017,MI
65.3,2.0,06,2017,MI
68.5,0.4,07,2017,MI
65.2,-0.7,08,2017,MI
62.6,4.1,09,2017,MI
52.5,5.0,10,2017,MI
34.5,-0.1,11,2017,MI
20.9,-2.4,12,2017,MI
20.0,1.9,01,2018,MI
23.0,3.9,02,2018,MI
29.6,0.6,03,2018,MI
35.2,-6.7,04,2018,MI
60.2,6.6,05,2018,MI
65.2,1.9,06,2018,MI
70.5,2.4,07,2018,MI
69.8,3.9,08,2018,MI
62.4,3.9,09,2018,MI
45.9,-1.6,10,2018,MI
30.8,-3.8,11,2018,MI
28.7,5.4,12,2018,MI
16.8,-1.3,01,2019,MI
19.9,0.8,02,2019,MI
27.5,-1.5,03,2019,MI
42.5,0.6,04,2019,MI
51.8,-1.8,05,2019,MI
62.5,-0.8,06,2019,MI
70.9,2.8,07,2019,MI
66.3,0.4,08,2019,MI
62.3,3.8,09,2019,MI
47.5,0.0,10,2019,MI
30.8,-3.8,11,2019,MI
28.4,5.1,12,2019,MI
27.0,8.9,01,2020,MI
23.7,4.6,02,2020,MI
35.0,6.0,03,2020,MI
40.2,-1.7,04,2020,MI
53.2,-0.4,05,2020,MI
66.0,2.7,06,2020,MI
72.5,4.4,07,2020,MI
68.6,2.7,08,2020,MI
58.2,-0.3,09,2020,MI
44.4,-3.1,10,2020,MI
41.1,6.5,11,2020,MI
28.6,5.3,12,2020,MI
24.9,6.8,01,2021,MI
17.3,-1.8,02,2021,MI
36.8,7.8,03,2021,MI
45.1,3.2,04,2021,MI
54.1,0.5,05,2021,MI
67.8,4.5,06,2021,MI
68.7,0.6,07,2021,MI
71.0,5.1,08,2021,MI
61.4,2.9,09,2021,MI
55.2,7.7,10,2021,MI
36.3,1.7,11,2021,MI
30.1,6.8,12,2021,MI
31.4,1.8,01,2016,NJ
36.0,5.4,02,2016,NJ
47.0,7.7,03,2016,NJ
50.7,1.4,04,2016,NJ
60.2,0.4,05,2016,NJ
70.6,2.1,06,2016,NJ
77.2,3.7,07,2016,NJ
76.9,5.3,08,2016,NJ
69.7,4.7,09,2016,NJ
56.7,2.7,10,2016,NJ
46.7,3.6,11,2016,NJ
36.3,3.3,12,2016,NJ
36.2,6.6,01,2017,NJ
40.4,9.8,02,2017,NJ
38.9,-0.4,03,2017,NJ
55.9,6.6,04,2017,NJ
60.0,0.2,05,2017,NJ
70.4,1.9,06,2017,NJ
75.5,2.0,07,2017,NJ
71.6,0.0,08,2017,NJ
68.2,3.2,09,2017,NJ
60.4,6.4,10,2017,NJ
44.4,1.3,11,2017,NJ
33.2,0.2,12,2017,NJ
29.2,-0.4,01,2018,NJ
39.4,8.8,02,2018,NJ
38.3,-1.0,03,2018,NJ
48.0,-1.3,04,2018,NJ
65.2,5.4,05,2018,NJ
70.1,1.6,06,2018,NJ
76.2,2.7,07,2018,NJ
76.8,5.2,08,2018,NJ
70.2,5.2,09,2018,NJ
56.4,2.4,10,2018,NJ
42.5,-0.6,11,2018,NJ
37.8,4.8,12,2018,NJ
31.6,2.0,01,2019,NJ
34.7,4.1,02,2019,NJ
39.4,0.1,03,2019,NJ
54.8,5.5,04,2019,NJ
62.8,3.0,05,2019,NJ
70.6,2.1,06,2019,NJ
78.0,4.5,07,2019,NJ
74.5,2.9,08,2019,NJ
69.0,4.0,09,2019,NJ
58.2,4.2,10,2019,NJ
41.3,-1.8,11,2019,NJ
36.4,3.4,12,2019,NJ
37.3,7.7,01,2020,NJ
39.1,8.5,02,2020,NJ
46.3,7.0,03,2020,NJ
48.7,-0.6,04,2020,NJ
59.1,-0.7,05,2020,NJ
71.5,3.0,06,2020,NJ
78.8,5.3,07,2020,NJ
75.5,3.9,08,2020,NJ
66.8,1.8,09,2020,NJ
57.0,3.0,10,2020,NJ
49.2,6.1,11,2020,NJ
37.0,4.0,12,2020,NJ
33.7,4.1,01,2021,NJ
32.1,1.5,02,2021,NJ
44.1,4.8,03,2021,NJ
52.6,3.3,04,2021,NJ
60.8,1.0,05,2021,NJ
71.7,3.2,06,2021,NJ
75.7,2.2,07,2021,NJ
75.8,4.2,08,2021,NJ
68.7,3.7,09,2021,NJ
61.1,7.1,10,2021,NJ
43.7,0.6,11,2021,NJ
41.3,8.3,12,2021,NJ
19.6,1.9,01,2016,IA
28.6,5.9,02,2016,IA
42.4,7.8,03,2016,IA
50.1,2.0,04,2016,IA
59.5,-0.3,05,2016,IA
73.0,3.9,06,2016,IA
72.8,-1.1,07,2016,IA
72.0,0.6,08,2016,IA
67.3,4.3,09,2016,IA
55.3,3.9,10,2016,IA
45.1,9.4,11,2016,IA
22.9,0.2,12,2016,IA
24.2,6.5,01,2017,IA
34.5,11.8,02,2017,IA
37.5,2.9,03,2017,IA
51.1,3.0,04,2017,IA
58.5,-1.3,05,2017,IA
71.1,2.0,06,2017,IA
74.7,0.8,07,2017,IA
67.8,-3.6,08,2017,IA
66.7,3.7,09,2017,IA
53.3,1.9,10,2017,IA
36.2,0.5,11,2017,IA
24.4,1.7,12,2017,IA
17.8,0.1,01,2018,IA
20.5,-2.2,02,2018,IA
35.2,0.6,03,2018,IA
39.3,-8.8,04,2018,IA
67.0,7.2,05,2018,IA
73.1,4.0,06,2018,IA
73.1,-0.8,07,2018,IA
71.8,0.4,08,2018,IA
65.9,2.9,09,2018,IA
48.2,-3.2,10,2018,IA
30.0,-5.7,11,2018,IA
28.0,5.3,12,2018,IA
18.7,1.0,01,2019,IA
15.3,-7.4,02,2019,IA
31.1,-3.5,03,2019,IA
49.2,1.1,04,2019,IA
56.6,-3.2,05,2019,IA
69.3,0.2,06,2019,IA
75.1,1.2,07,2019,IA
69.6,-1.8,08,2019,IA
68.2,5.2,09,2019,IA
47.1,-4.3,10,2019,IA
32.4,-3.3,11,2019,IA
29.2,6.5,12,2019,IA
23.1,5.4,01,2020,IA
24.9,2.2,02,2020,IA
40.3,5.7,03,2020,IA
46.7,-1.4,04,2020,IA
57.6,-2.2,05,2020,IA
72.9,3.8,06,2020,IA
75.3,1.4,07,2020,IA
71.9,0.5,08,2020,IA
61.9,-1.1,09,2020,IA
46.0,-5.4,10,2020,IA
42.0,6.3,11,2020,IA
27.2,4.5,12,2020,IA
23.9,6.2,01,2021,IA
12.5,-10.2,02,2021,IA
42.3,7.7,03,2021,IA
49.3,1.2,04,2021,IA
59.0,-0.8,05,2021,IA
73.5,4.4,06,2021,IA
73.4,-0.5,07,2021,IA
72.9,1.5,08,2021,IA
66.6,3.6,09,2021,IA
55.5,4.1,10,2021,IA
39.2,3.5,11,2021,IA
31.9,9.2,12,2021,IA
43.0,-2.1,01,2016,AL
49.8,1.8,02,2016,AL
59.7,4.6,03,2016,AL
63.6,0.8,04,2016,AL
70.2,-0.5,05,2016,AL
79.2,1.7,06,2016,AL
82.0,2.1,07,2016,AL
81.6,2.3,08,2016,AL
78.6,3.9,09,2016,AL
68.5,4.6,10,2016,AL
57.8,4.3,11,2016,AL
50.1,3.7,12,2016,AL
52.4,7.3,01,2017,AL
55.6,7.6,02,2017,AL
58.4,3.3,03,2017,AL
67.2,4.4,04,2017,AL
69.9,-0.8,05,2017,AL
75.8,-1.7,06,2017,AL
80.6,0.7,07,2017,AL
78.8,-0.5,08,2017,AL
73.4,-1.3,09,2017,AL
65.8,1.9,10,2017,AL
55.6,2.1,11,2017,AL
46.9,0.5,12,2017,AL
40.4,-4.7,01,2018,AL
58.0,10.0,02,2018,AL
55.4,0.3,03,2018,AL
59.5,-3.3,04,2018,AL
74.4,3.7,05,2018,AL
79.3,1.8,06,2018,AL
80.7,0.8,07,2018,AL
79.5,0.2,08,2018,AL
79.4,4.7,09,2018,AL
67.4,3.5,10,2018,AL
50.4,-3.1,11,2018,AL
49.0,2.6,12,2018,AL
46.5,1.4,01,2019,AL
56.1,8.1,02,2019,AL
55.0,-0.1,03,2019,AL
63.5,0.7,04,2019,AL
74.2,3.5,05,2019,AL
78.1,0.6,06,2019,AL
80.6,0.7,07,2019,AL
80.6,1.3,08,2019,AL
80.2,5.5,09,2019,AL
67.8,3.9,10,2019,AL
50.6,-2.9,11,2019,AL
51.3,4.9,12,2019,AL
49.5,4.4,01,2020,AL
51.0,3.0,02,2020,AL
63.5,8.4,03,2020,AL
62.0,-0.8,04,2020,AL
68.9,-1.8,05,2020,AL
76.9,-0.6,06,2020,AL
80.9,1.0,07,2020,AL
80.2,0.9,08,2020,AL
74.3,-0.4,09,2020,AL
66.9,3.0,10,2020,AL
58.4,4.9,11,2020,AL
45.9,-0.5,12,2020,AL
46.6,1.5,01,2021,AL
46.7,-1.3,02,2021,AL
59.6,4.5,03,2021,AL
61.7,-1.1,04,2021,AL
69.4,-1.3,05,2021,AL
77.0,-0.5,06,2021,AL
79.3,-0.6,07,2021,AL
79.9,0.6,08,2021,AL
73.9,-0.8,09,2021,AL
67.3,3.4,10,2021,AL
52.1,-1.4,11,2021,AL
56.8,10.4,12,2021,AL
44.4,-1.7,01,2016,GA
50.0,1.4,02,2016,GA
60.9,5.5,03,2016,GA
63.9,0.9,04,2016,GA
70.8,-0.2,05,2016,GA
79.7,2.3,06,2016,GA
82.8,3.1,07,2016,GA
81.6,2.6,08,2016,GA
77.5,3.0,09,2016,GA
67.8,3.6,10,2016,GA
58.0,3.8,11,2016,GA
52.1,5.0,12,2016,GA
53.2,7.1,01,2017,GA
56.5,7.9,02,2017,GA
58.0,2.6,03,2017,GA
67.5,4.5,04,2017,GA
71.4,0.4,05,2017,GA
76.6,-0.8,06,2017,GA
80.6,0.9,07,2017,GA
79.4,0.4,08,2017,GA
74.0,-0.5,09,2017,GA
67.0,2.8,10,2017,GA
56.4,2.2,11,2017,GA
49.3,2.2,12,2017,GA
42.5,-3.6,01,2018,GA
59.2,10.6,02,2018,GA
54.5,-0.9,03,2018,GA
60.6,-2.4,04,2018,GA
73.7,2.7,05,2018,GA
79.3,1.9,06,2018,GA
80.2,0.5,07,2018,GA
79.4,0.4,08,2018,GA
79.8,5.3,09,2018,GA
68.4,4.2,10,2018,GA
53.2,-1.0,11,2018,GA
50.2,3.1,12,2018,GA
48.2,2.1,01,2019,GA
56.1,7.5,02,2019,GA
56.3,0.9,03,2019,GA
64.6,1.6,04,2019,GA
75.7,4.7,05,2019,GA
78.1,0.7,06,2019,GA
81.0,1.3,07,2019,GA
80.7,1.7,08,2019,GA
79.1,4.6,09,2019,GA
69.7,5.5,10,2019,GA
52.8,-1.4,11,2019,GA
52.3,5.2,12,2019,GA
51.4,5.3,01,2020,GA
51.9,3.3,02,2020,GA
63.1,7.7,03,2020,GA
63.1,0.1,04,2020,GA
69.4,-1.6,05,2020,GA
76.9,-0.5,06,2020,GA
81.5,1.8,07,2020,GA
80.4,1.4,08,2020,GA
74.3,-0.2,09,2020,GA
68.5,4.3,10,2020,GA
60.4,6.2,11,2020,GA
46.4,-0.7,12,2020,GA
47.6,1.5,01,2021,GA
49.5,0.9,02,2021,GA
59.8,4.4,03,2021,GA
62.0,-1.0,04,2021,GA
69.5,-1.5,05,2021,GA
77.0,-0.4,06,2021,GA
79.3,-0.4,07,2021,GA
79.9,0.9,08,2021,GA
73.7,-0.8,09,2021,GA
67.2,3.0,10,2021,GA
52.7,-1.5,11,2021,GA
56.5,9.4,12,2021,GA
26.6,1.3,01,2016,UT
33.7,3.4,02,2016,UT
42.2,4.9,03,2016,UT
47.9,2.4,04,2016,UT
54.4,-0.3,05,2016,UT
70.9,6.9,06,2016,UT
73.7,2.2,07,2016,UT
70.1,0.7,08,2016,UT
61.1,0.5,09,2016,UT
53.2,4.3,10,2016,UT
41.6,5.6,11,2016,UT
27.4,0.4,12,2016,UT
25.9,0.6,01,2017,UT
36.5,6.2,02,2017,UT
45.3,8.0,03,2017,UT
46.0,0.5,04,2017,UT
55.6,0.9,05,2017,UT
69.5,5.5,06,2017,UT
75.0,3.5,07,2017,UT
71.6,2.2,08,2017,UT
60.7,0.1,09,2017,UT
48.1,-0.8,10,2017,UT
43.0,7.0,11,2017,UT
31.4,4.4,12,2017,UT
32.8,7.5,01,2018,UT
32.2,1.9,02,2018,UT
39.2,1.9,03,2018,UT
49.0,3.5,04,2018,UT
58.3,3.6,05,2018,UT
69.1,5.1,06,2018,UT
76.1,4.6,07,2018,UT
72.4,3.0,08,2018,UT
65.8,5.2,09,2018,UT
47.5,-1.4,10,2018,UT
35.0,-1.0,11,2018,UT
27.4,0.4,12,2018,UT
27.0,1.7,01,2019,UT
27.2,-3.1,02,2019,UT
38.2,0.9,03,2019,UT
48.6,3.1,04,2019,UT
50.5,-4.2,05,2019,UT
63.6,-0.4,06,2019,UT
73.3,1.8,07,2019,UT
72.8,3.4,08,2019,UT
63.1,2.5,09,2019,UT
42.9,-6.0,10,2019,UT
38.5,2.5,11,2019,UT
28.8,1.8,12,2019,UT
28.7,3.4,01,2020,UT
31.1,0.8,02,2020,UT
40.8,3.5,03,2020,UT
47.4,1.9,04,2020,UT
59.0,4.3,05,2020,UT
65.4,1.4,06,2020,UT
73.7,2.2,07,2020,UT
75.8,6.4,08,2020,UT
63.9,3.3,09,2020,UT
52.8,3.9,10,2020,UT
38.8,2.8,11,2020,UT
27.2,0.2,12,2020,UT
28.0,2.7,01,2021,UT
32.2,1.9,02,2021,UT
38.4,1.1,03,2021,UT
47.4,1.9,04,2021,UT
57.2,2.5,05,2021,UT
71.9,7.9,06,2021,UT
76.2,4.7,07,2021,UT
70.9,1.5,08,2021,UT
64.4,3.8,09,2021,UT
47.9,-1.0,10,2021,UT
42.5,6.5,11,2021,UT
31.1,4.1,12,2021,UT
33.1,2.9,01,2016,OR
40.2,6.1,02,2016,OR
41.2,2.9,03,2016,OR
50.1,6.2,04,2016,OR
53.2,2.7,05,2016,OR
60.5,3.3,06,2016,OR
64.4,-0.4,07,2016,OR
66.7,2.8,08,2016,OR
57.1,-0.2,09,2016,OR
48.1,0.0,10,2016,OR
43.2,5.5,11,2016,OR
27.4,-4.4,12,2016,OR
26.7,-3.5,01,2017,OR
34.8,0.7,02,2017,OR
41.6,3.3,03,2017,OR
42.9,-1.0,04,2017,OR
52.9,2.4,05,2017,OR
59.9,2.7,06,2017,OR
69.2,4.4,07,2017,OR
69.6,5.7,08,2017,OR
59.6,2.3,09,2017,OR
47.0,-1.1,10,2017,OR
39.3,1.6,11,2017,OR
32.9,1.1,12,2017,OR
37.5,7.3,01,2018,OR
33.2,-0.9,02,2018,OR
38.4,0.1,03,2018,OR
45.0,1.1,04,2018,OR
55.4,4.9,05,2018,OR
58.5,1.3,06,2018,OR
69.0,4.2,07,2018,OR
66.5,2.6,08,2018,OR
57.4,0.1,09,2018,OR
48.8,0.7,10,2018,OR
39.3,1.6,11,2018,OR
32.3,0.5,12,2018,OR
35.3,5.1,01,2019,OR
28.8,-5.3,02,2019,OR
37.3,-1.0,03,2019,OR
46.1,2.2,04,2019,OR
52.7,2.2,05,2019,OR
59.0,1.8,06,2019,OR
64.9,0.1,07,2019,OR
67.1,3.2,08,2019,OR
56.6,-0.7,09,2019,OR
43.2,-4.9,10,2019,OR
40.5,2.8,11,2019,OR
34.2,2.4,12,2019,OR
34.9,4.7,01,2020,OR
35.8,1.7,02,2020,OR
38.8,0.5,03,2020,OR
46.3,2.4,04,2020,OR
52.6,2.1,05,2020,OR
57.9,0.7,06,2020,OR
66.0,1.2,07,2020,OR
67.2,3.3,08,2020,OR
62.6,5.3,09,2020,OR
51.3,3.2,10,2020,OR
38.3,0.6,11,2020,OR
34.2,2.4,12,2020,OR
34.8,4.6,01,2021,OR
33.6,-0.5,02,2021,OR
38.9,0.6,03,2021,OR
46.5,2.6,04,2021,OR
52.0,1.5,05,2021,OR
65.2,8.0,06,2021,OR
71.4,6.6,07,2021,OR
66.4,2.5,08,2021,OR
59.4,2.1,09,2021,OR
47.6,-0.5,10,2021,OR
41.9,4.2,11,2021,OR
32.4,0.6,12,2021,OR
16.2,3.8,01,2016,WI
22.6,6.2,02,2016,WI
36.8,8.5,03,2016,WI
42.9,0.3,04,2016,WI
56.1,1.5,05,2016,WI
65.8,1.7,06,2016,WI
69.9,1.0,07,2016,WI
69.5,3.1,08,2016,WI
62.6,4.6,09,2016,WI
50.4,3.6,10,2016,WI
41.6,10.0,11,2016,WI
19.9,1.8,12,2016,WI
19.4,7.0,01,2017,WI
27.8,11.4,02,2017,WI
30.2,1.9,03,2017,WI
46.4,3.8,04,2017,WI
53.3,-1.3,05,2017,WI
65.6,1.5,06,2017,WI
68.8,-0.1,07,2017,WI
64.2,-2.2,08,2017,WI
62.2,4.2,09,2017,WI
50.0,3.2,10,2017,WI
31.4,-0.2,11,2017,WI
17.3,-0.8,12,2017,WI
15.2,2.8,01,2018,WI
16.1,-0.3,02,2018,WI
29.7,1.4,03,2018,WI
33.5,-9.1,04,2018,WI
62.0,7.4,05,2018,WI
66.5,2.4,06,2018,WI
69.8,0.9,07,2018,WI
68.5,2.1,08,2018,WI
61.2,3.2,09,2018,WI
43.6,-3.2,10,2018,WI
27.3,-4.3,11,2018,WI
25.1,7.0,12,2018,WI
13.1,0.7,01,2019,WI
13.5,-2.9,02,2019,WI
25.7,-2.6,03,2019,WI
42.4,-0.2,04,2019,WI
51.8,-2.8,05,2019,WI
63.6,-0.5,06,2019,WI
71.3,2.4,07,2019,WI
65.6,-0.8,08,2019,WI
62.0,4.0,09,2019,WI
45.0,-1.8,10,2019,WI
28.2,-3.4,11,2019,WI
23.5,5.4,12,2019,WI
21.5,9.1,01,2020,WI
19.2,2.8,02,2020,WI
34.3,6.0,03,2020,WI
40.7,-1.9,04,2020,WI
54.1,-0.5,05,2020,WI
66.5,2.4,06,2020,WI
71.9,3.0,07,2020,WI
68.3,1.9,08,2020,WI
57.3,-0.7,09,2020,WI
41.3,-5.5,10,2020,WI
38.6,7.0,11,2020,WI
24.2,6.1,12,2020,WI
20.2,7.8,01,2021,WI
10.7,-5.7,02,2021,WI
36.9,8.6,03,2021,WI
44.9,2.3,04,2021,WI
54.8,0.2,05,2021,WI
69.3,5.2,06,2021,WI
69.4,0.5,07,2021,WI
69.2,2.8,08,2021,WI
61.1,3.1,09,2021,WI
53.5,6.7,10,2021,WI
33.9,2.3,11,2021,WI
24.8,6.7,12,2021,WI
23.7,3.9,01,2016,NY
26.7,6.0,02,2016,NY
37.7,7.1,03,2016,NY
41.3,-1.5,04,2016,NY
55.7,1.2,05,2016,NY
64.1,0.7,06,2016,NY
70.4,2.2,07,2016,NY
70.9,4.9,08,2016,NY
62.9,4.0,09,2016,NY
50.5,2.5,10,2016,NY
40.2,3.9,11,2016,NY
27.6,3.1,12,2016,NY
27.9,8.1,01,2017,NY
30.6,9.9,02,2017,NY
28.2,-2.4,03,2017,NY
48.8,6.0,04,2017,NY
54.0,-0.5,05,2017,NY
63.9,0.5,06,2017,NY
68.1,-0.1,07,2017,NY
65.6,-0.4,08,2017,NY
62.3,3.4,09,2017,NY
54.8,6.8,10,2017,NY
36.2,-0.1,11,2017,NY
22.6,-1.9,12,2017,NY
19.1,-0.7,01,2018,NY
29.4,8.7,02,2018,NY
29.9,-0.7,03,2018,NY
37.8,-5.0,04,2018,NY
60.0,5.5,05,2018,NY
63.4,0.0,06,2018,NY
71.2,3.0,07,2018,NY
70.4,4.4,08,2018,NY
63.6,4.7,09,2018,NY
47.7,-0.3,10,2018,NY
33.3,-3.0,11,2018,NY
28.5,4.0,12,2018,NY
19.4,-0.4,01,2019,NY
24.2,3.5,02,2019,NY
29.5,-1.1,03,2019,NY
44.5,1.7,04,2019,NY
54.2,-0.3,05,2019,NY
62.9,-0.5,06,2019,NY
71.0,2.8,07,2019,NY
66.6,0.6,08,2019,NY
60.3,1.4,09,2019,NY
50.2,2.2,10,2019,NY
32.8,-3.5,11,2019,NY
27.3,2.8,12,2019,NY
27.7,7.9,01,2020,NY
26.6,5.9,02,2020,NY
37.2,6.6,03,2020,NY
41.1,-1.7,04,2020,NY
54.2,-0.3,05,2020,NY
65.2,1.8,06,2020,NY
72.9,4.7,07,2020,NY
68.6,2.6,08,2020,NY
59.6,0.7,09,2020,NY
49.0,1.0,10,2020,NY
41.9,5.6,11,2020,NY
29.8,5.3,12,2020,NY
24.1,4.3,01,2021,NY
21.8,1.1,02,2021,NY
35.1,4.5,03,2021,NY
45.8,3.0,04,2021,NY
54.8,0.3,05,2021,NY
67.2,3.8,06,2021,NY
67.8,-0.4,07,2021,NY
70.5,4.5,08,2021,NY
61.8,2.9,09,2021,NY
54.9,6.9,10,2021,NY
37.1,0.8,11,2021,NY
32.8,8.3,12,2021,NY
43.0,-1.6,01,2016,SC
48.0,1.2,02,2016,SC
60.6,6.7,03,2016,SC
63.1,1.2,04,2016,SC
70.1,-0.2,05,2016,SC
79.8,2.8,06,2016,SC
83.7,3.8,07,2016,SC
81.9,3.2,08,2016,SC
77.1,3.4,09,2016,SC
66.4,3.2,10,2016,SC
55.6,2.5,11,2016,SC
49.0,3.4,12,2016,SC
51.4,6.8,01,2017,SC
55.5,8.7,02,2017,SC
55.5,1.6,03,2017,SC
67.0,5.1,04,2017,SC
71.5,1.2,05,2017,SC
76.9,-0.1,06,2017,SC
81.0,1.1,07,2017,SC
79.4,0.7,08,2017,SC
74.3,0.6,09,2017,SC
66.2,3.0,10,2017,SC
54.3,1.2,11,2017,SC
47.8,2.2,12,2017,SC
40.6,-4.0,01,2018,SC
57.4,10.6,02,2018,SC
52.0,-1.9,03,2018,SC
60.0,-1.9,04,2018,SC
73.8,3.5,05,2018,SC
80.2,3.2,06,2018,SC
80.2,0.3,07,2018,SC
80.0,1.3,08,2018,SC
79.4,5.7,09,2018,SC
66.9,3.7,10,2018,SC
51.9,-1.2,11,2018,SC
48.6,3.0,12,2018,SC
46.7,2.1,01,2019,SC
53.0,6.2,02,2019,SC
54.1,0.2,03,2019,SC
64.0,2.1,04,2019,SC
75.4,5.1,05,2019,SC
77.2,0.2,06,2019,SC
81.4,1.5,07,2019,SC
80.3,1.6,08,2019,SC
78.3,4.6,09,2019,SC
68.5,5.3,10,2019,SC
51.0,-2.1,11,2019,SC
50.3,4.7,12,2019,SC
50.3,5.7,01,2020,SC
50.9,4.1,02,2020,SC
60.4,6.5,03,2020,SC
62.1,0.2,04,2020,SC
68.0,-2.3,05,2020,SC
76.1,-0.9,06,2020,SC
81.9,2.0,07,2020,SC
80.1,1.4,08,2020,SC
73.3,-0.4,09,2020,SC
67.4,4.2,10,2020,SC
59.3,6.2,11,2020,SC
45.6,0.0,12,2020,SC
46.0,1.4,01,2021,SC
47.3,0.5,02,2021,SC
57.6,3.7,03,2021,SC
62.1,0.2,04,2021,SC
69.1,-1.2,05,2021,SC
76.8,-0.2,06,2021,SC
79.4,-0.5,07,2021,SC
80.1,1.4,08,2021,SC
73.6,-0.1,09,2021,SC
66.8,3.6,10,2021,SC
51.7,-1.4,11,2021,SC
54.6,9.0,12,2021,SC
48.8,-0.5,01,2016,LA
55.1,2.7,02,2016,LA
63.8,4.8,03,2016,LA
68.2,1.9,04,2016,LA
73.3,-0.1,05,2016,LA
80.9,1.1,06,2016,LA
83.7,1.8,07,2016,LA
82.4,0.8,08,2016,LA
80.2,3.0,09,2016,LA
71.4,3.9,10,2016,LA
62.4,5.0,11,2016,LA
54.7,3.8,12,2016,LA
56.8,7.5,01,2017,LA
61.7,9.3,02,2017,LA
64.4,5.4,03,2017,LA
69.4,3.1,04,2017,LA
71.8,-1.6,05,2017,LA
78.5,-1.3,06,2017,LA
82.4,0.5,07,2017,LA
81.0,-0.6,08,2017,LA
77.0,-0.2,09,2017,LA
69.2,1.7,10,2017,LA
61.6,4.2,11,2017,LA
50.8,-0.1,12,2017,LA
44.2,-5.1,01,2018,LA
60.5,8.1,02,2018,LA
62.2,3.2,03,2018,LA
62.7,-3.6,04,2018,LA
77.8,4.4,05,2018,LA
82.1,2.3,06,2018,LA
83.5,1.6,07,2018,LA
82.0,0.4,08,2018,LA
80.2,3.0,09,2018,LA
70.7,3.2,10,2018,LA
54.8,-2.6,11,2018,LA
52.6,1.7,12,2018,LA
49.9,0.6,01,2019,LA
57.6,5.2,02,2019,LA
58.2,-0.8,03,2019,LA
65.2,-1.1,04,2019,LA
76.0,2.6,05,2019,LA
80.2,0.4,06,2019,LA
81.8,-0.1,07,2019,LA
83.5,1.9,08,2019,LA
82.2,5.0,09,2019,LA
69.1,1.6,10,2019,LA
54.7,-2.7,11,2019,LA
54.1,3.2,12,2019,LA
53.7,4.4,01,2020,LA
54.0,1.6,02,2020,LA
67.3,8.3,03,2020,LA
66.6,0.3,04,2020,LA
73.0,-0.4,05,2020,LA
79.7,-0.1,06,2020,LA
82.8,0.9,07,2020,LA
82.2,0.6,08,2020,LA
77.6,0.4,09,2020,LA
68.2,0.7,10,2020,LA
61.9,4.5,11,2020,LA
50.9,0.0,12,2020,LA
50.6,1.3,01,2021,LA
47.8,-4.6,02,2021,LA
62.2,3.2,03,2021,LA
65.0,-1.3,04,2021,LA
72.2,-1.2,05,2021,LA
80.3,0.5,06,2021,LA
81.8,-0.1,07,2021,LA
82.6,1.0,08,2021,LA
76.9,-0.3,09,2021,LA
71.6,4.1,10,2021,LA
56.3,-1.1,11,2021,LA
62.4,11.5,12,2021,LA
44.5,2.2,01,2016,CA
51.8,6.5,02,2016,CA
52.5,3.7,03,2016,CA
57.9,3.9,04,2016,CA
62.2,1.5,05,2016,CA
73.5,5.2,06,2016,CA
76.8,2.1,07,2016,CA
76.2,2.5,08,2016,CA
69.5,1.0,09,2016,CA
60.5,1.0,10,2016,CA
52.8,3.3,11,2016,CA
43.4,0.3,12,2016,CA
42.2,-0.1,01,2017,CA
47.3,2.0,02,2017,CA
53.4,4.6,03,2017,CA
55.6,1.6,04,2017,CA
63.4,2.7,05,2017,CA
72.8,4.5,06,2017,CA
78.8,4.1,07,2017,CA
77.9,4.2,08,2017,CA
69.8,1.3,09,2017,CA
62.0,2.5,10,2017,CA
53.4,3.9,11,2017,CA
47.5,4.4,12,2017,CA
48.9,6.6,01,2018,CA
46.6,1.3,02,2018,CA
49.0,0.2,03,2018,CA
57.2,3.2,04,2018,CA
63.0,2.3,05,2018,CA
71.4,3.1,06,2018,CA
79.6,4.9,07,2018,CA
76.4,2.7,08,2018,CA
71.1,2.6,09,2018,CA
60.9,1.4,10,2018,CA
52.6,3.1,11,2018,CA
44.8,1.7,12,2018,CA
46.1,3.8,01,2019,CA
40.6,-4.7,02,2019,CA
48.9,0.1,03,2019,CA
58.2,4.2,04,2019,CA
58.6,-2.1,05,2019,CA
71.1,2.8,06,2019,CA
75.5,0.8,07,2019,CA
76.8,3.1,08,2019,CA
68.9,0.4,09,2019,CA
58.8,-0.7,10,2019,CA
53.0,3.5,11,2019,CA
44.4,1.3,12,2019,CA
45.3,3.0,01,2020,CA
49.2,3.9,02,2020,CA
48.0,-0.8,03,2020,CA
56.6,2.6,04,2020,CA
64.6,3.9,05,2020,CA
70.4,2.1,06,2020,CA
76.6,1.9,07,2020,CA
78.9,5.2,08,2020,CA
74.0,5.5,09,2020,CA
66.2,6.7,10,2020,CA
50.9,1.4,11,2020,CA
45.5,2.4,12,2020,CA
45.5,3.2,01,2021,CA
47.4,2.1,02,2021,CA
48.2,-0.6,03,2021,CA
58.2,4.2,04,2021,CA
64.6,3.9,05,2021,CA
74.9,6.6,06,2021,CA
79.9,5.2,07,2021,CA
77.1,3.4,08,2021,CA
72.2,3.7,09,2021,CA
58.2,-1.3,10,2021,CA
54.6,5.1,11,2021,CA
43.5,0.4,12,2021,CA
26.0,3.9,01,2016,NE
35.0,8.3,02,2016,NE
43.9,8.1,03,2016,NE
49.9,2.2,04,2016,NE
57.2,-1.2,05,2016,NE
73.3,5.0,06,2016,NE
74.2,-0.3,07,2016,NE
71.8,-0.5,08,2016,NE
65.0,2.2,09,2016,NE
55.4,4.6,10,2016,NE
44.3,8.4,11,2016,NE
23.8,-1.5,12,2016,NE
24.8,2.7,01,2017,NE
35.4,8.7,02,2017,NE
42.2,6.4,03,2017,NE
49.7,2.0,04,2017,NE
57.0,-1.4,05,2017,NE
70.7,2.4,06,2017,NE
76.8,2.3,07,2017,NE
69.0,-3.3,08,2017,NE
65.0,2.2,09,2017,NE
51.0,0.2,10,2017,NE
39.9,4.0,11,2017,NE
26.6,1.3,12,2017,NE
23.0,0.9,01,2018,NE
21.7,-5.0,02,2018,NE
38.5,2.7,03,2018,NE
41.2,-6.5,04,2018,NE
63.8,5.4,05,2018,NE
72.2,3.9,06,2018,NE
73.4,-1.1,07,2018,NE
70.8,-1.5,08,2018,NE
65.7,2.9,09,2018,NE
47.2,-3.6,10,2018,NE
33.5,-2.4,11,2018,NE
28.1,2.8,12,2018,NE
26.4,4.3,01,2019,NE
17.2,-9.5,02,2019,NE
31.7,-4.1,03,2019,NE
49.2,1.5,04,2019,NE
53.5,-4.9,05,2019,NE
68.0,-0.3,06,2019,NE
74.5,0.0,07,2019,NE
71.5,-0.8,08,2019,NE
68.3,5.5,09,2019,NE
44.2,-6.6,10,2019,NE
35.2,-0.7,11,2019,NE
30.2,4.9,12,2019,NE
27.2,5.1,01,2020,NE
29.6,2.9,02,2020,NE
41.1,5.3,03,2020,NE
46.1,-1.6,04,2020,NE
56.8,-1.6,05,2020,NE
73.5,5.2,06,2020,NE
75.3,0.8,07,2020,NE
74.0,1.7,08,2020,NE
62.7,-0.1,09,2020,NE
46.4,-4.4,10,2020,NE
42.6,6.7,11,2020,NE
31.3,6.0,12,2020,NE
29.2,7.1,01,2021,NE
16.5,-10.2,02,2021,NE
42.6,6.8,03,2021,NE
47.0,-0.7,04,2021,NE
57.9,-0.5,05,2021,NE
72.8,4.5,06,2021,NE
75.0,0.5,07,2021,NE
74.3,2.0,08,2021,NE
67.6,4.8,09,2021,NE
53.1,2.3,10,2021,NE
42.6,6.7,11,2021,NE
33.7,8.4,12,2021,NE
43.7,-1.4,01,2016,MS
50.9,2.6,02,2016,MS
60.2,4.6,03,2016,MS
65.2,1.6,04,2016,MS
70.5,-0.8,05,2016,MS
80.2,1.9,06,2016,MS
82.4,1.6,07,2016,MS
82.0,1.8,08,2016,MS
79.0,3.9,09,2016,MS
69.2,4.8,10,2016,MS
58.2,4.3,11,2016,MS
49.4,2.6,12,2016,MS
52.9,7.8,01,2017,MS
57.1,8.8,02,2017,MS
60.1,4.5,03,2017,MS
67.3,3.7,04,2017,MS
70.1,-1.2,05,2017,MS
76.7,-1.6,06,2017,MS
81.2,0.4,07,2017,MS
79.3,-0.9,08,2017,MS
74.5,-0.6,09,2017,MS
66.2,1.8,10,2017,MS
56.8,2.9,11,2017,MS
47.1,0.3,12,2017,MS
40.1,-5.0,01,2018,MS
56.9,8.6,02,2018,MS
57.1,1.5,03,2018,MS
58.9,-4.7,04,2018,MS
75.8,4.5,05,2018,MS
80.6,2.3,06,2018,MS
81.8,1.0,07,2018,MS
80.3,0.1,08,2018,MS
78.9,3.8,09,2018,MS
67.4,3.0,10,2018,MS
50.5,-3.4,11,2018,MS
49.0,2.2,12,2018,MS
46.3,1.2,01,2019,MS
55.0,6.7,02,2019,MS
54.7,-0.9,03,2019,MS
63.1,-0.5,04,2019,MS
74.3,3.0,05,2019,MS
78.3,0.0,06,2019,MS
80.8,0.0,07,2019,MS
81.4,1.2,08,2019,MS
81.2,6.1,09,2019,MS
66.6,2.2,10,2019,MS
50.3,-3.6,11,2019,MS
50.7,3.9,12,2019,MS
50.1,5.0,01,2020,MS
51.1,2.8,02,2020,MS
64.1,8.5,03,2020,MS
62.9,-0.7,04,2020,MS
70.3,-1.0,05,2020,MS
78.1,-0.2,06,2020,MS
82.1,1.3,07,2020,MS
80.2,0.0,08,2020,MS
75.3,0.2,09,2020,MS
65.8,1.4,10,2020,MS
58.4,4.5,11,2020,MS
47.0,0.2,12,2020,MS
46.8,1.7,01,2021,MS
44.3,-4.0,02,2021,MS
60.0,4.4,03,2021,MS
62.2,-1.4,04,2021,MS
70.2,-1.1,05,2021,MS
78.3,0.0,06,2021,MS
80.8,0.0,07,2021,MS
81.0,0.8,08,2021,MS
75.0,-0.1,09,2021,MS
68.5,4.1,10,2021,MS
52.9,-1.0,11,2021,MS
58.8,12.0,12,2021,MS
39.5,0.2,01,2016,AK
46.9,3.8,02,2016,AK
55.5,4.2,03,2016,AK
62.5,2.0,04,2016,AK
67.2,-1.5,05,2016,AK
78.9,2.4,06,2016,AK
82.0,1.7,07,2016,AK
80.0,0.7,08,2016,AK
75.8,3.0,09,2016,AK
67.0,5.2,10,2016,AK
55.7,5.8,11,2016,AK
42.5,1.0,12,2016,AK
45.2,5.9,01,2017,AK
52.5,9.4,02,2017,AK
55.7,4.4,03,2017,AK
64.2,3.7,04,2017,AK
67.7,-1.0,05,2017,AK
75.5,-1.0,06,2017,AK
80.6,0.3,07,2017,AK
76.9,-2.4,08,2017,AK
73.2,0.4,09,2017,AK
62.9,1.1,10,2017,AK
53.7,3.8,11,2017,AK
42.4,0.9,12,2017,AK
35.7,-3.6,01,2018,AK
45.9,2.8,02,2018,AK
53.9,2.6,03,2018,AK
55.2,-5.3,04,2018,AK
75.0,6.3,05,2018,AK
80.1,3.6,06,2018,AK
81.8,1.5,07,2018,AK
78.8,-0.5,08,2018,AK
75.0,2.2,09,2018,AK
62.6,0.8,10,2018,AK
45.8,-4.1,11,2018,AK
44.2,2.7,12,2018,AK
40.8,1.5,01,2019,AK
46.0,2.9,02,2019,AK
48.9,-2.4,03,2019,AK
60.8,0.3,04,2019,AK
70.6,1.9,05,2019,AK
75.6,-0.9,06,2019,AK
79.0,-1.3,07,2019,AK
80.3,1.0,08,2019,AK
79.7,6.9,09,2019,AK
60.8,-1.0,10,2019,AK
46.4,-3.5,11,2019,AK
45.7,4.2,12,2019,AK
43.9,4.6,01,2020,AK
44.5,1.4,02,2020,AK
56.5,5.2,03,2020,AK
58.8,-1.7,04,2020,AK
66.8,-1.9,05,2020,AK
76.4,-0.1,06,2020,AK
81.3,1.0,07,2020,AK
77.8,-1.5,08,2020,AK
71.8,-1.0,09,2020,AK
59.4,-2.4,10,2020,AK
54.0,4.1,11,2020,AK
42.6,1.1,12,2020,AK
41.3,2.0,01,2021,AK
34.8,-8.3,02,2021,AK
55.2,3.9,03,2021,AK
58.3,-2.2,04,2021,AK
66.7,-2.0,05,2021,AK
76.8,0.3,06,2021,AK
79.3,-1.0,07,2021,AK
80.6,1.3,08,2021,AK
74.2,1.4,09,2021,AK
65.4,3.6,10,2021,AK
49.3,-0.6,11,2021,AK
53.3,11.8,12,2021,AK
26.9,1.6,01,2016,IL
33.8,4.6,02,2016,IL
47.3,7.5,03,2016,IL
53.0,1.5,04,2016,IL
62.0,-0.1,05,2016,IL
74.8,3.4,06,2016,IL
75.6,0.0,07,2016,IL
75.7,2.3,08,2016,IL
70.8,4.6,09,2016,IL
59.9,5.3,10,2016,IL
48.1,7.3,11,2016,IL
28.9,-0.5,12,2016,IL
32.1,6.8,01,2017,IL
41.1,11.9,02,2017,IL
43.2,3.4,03,2017,IL
56.5,5.0,04,2017,IL
61.9,-0.2,05,2017,IL
72.7,1.3,06,2017,IL
76.1,0.5,07,2017,IL
70.5,-2.9,08,2017,IL
68.8,2.6,09,2017,IL
58.1,3.5,10,2017,IL
41.9,1.1,11,2017,IL
29.8,0.4,12,2017,IL
24.1,-1.2,01,2018,IL
31.8,2.6,02,2018,IL
39.2,-0.6,03,2018,IL
44.8,-6.7,04,2018,IL
70.7,8.6,05,2018,IL
74.9,3.5,06,2018,IL
75.0,-0.6,07,2018,IL
74.7,1.3,08,2018,IL
70.3,4.1,09,2018,IL
54.2,-0.4,10,2018,IL
35.6,-5.2,11,2018,IL
34.4,5.0,12,2018,IL
25.4,0.1,01,2019,IL
29.3,0.1,02,2019,IL
37.3,-2.5,03,2019,IL
52.5,1.0,04,2019,IL
62.5,0.4,05,2019,IL
70.9,-0.5,06,2019,IL
77.4,1.8,07,2019,IL
72.8,-0.6,08,2019,IL
71.6,5.4,09,2019,IL
53.7,-0.9,10,2019,IL
36.2,-4.6,11,2019,IL
35.6,6.2,12,2019,IL
31.8,6.5,01,2020,IL
31.9,2.7,02,2020,IL
44.4,4.6,03,2020,IL
49.6,-1.9,04,2020,IL
60.6,-1.5,05,2020,IL
73.6,2.2,06,2020,IL
77.3,1.7,07,2020,IL
72.8,-0.6,08,2020,IL
65.6,-0.6,09,2020,IL
52.0,-2.6,10,2020,IL
47.1,6.3,11,2020,IL
33.0,3.6,12,2020,IL
29.5,4.2,01,2021,IL
20.8,-8.4,02,2021,IL
46.2,6.4,03,2021,IL
52.6,1.1,04,2021,IL
61.1,-1.0,05,2021,IL
74.1,2.7,06,2021,IL
74.6,-1.0,07,2021,IL
75.5,2.1,08,2021,IL
69.6,3.4,09,2021,IL
60.2,5.6,10,2021,IL
41.0,0.2,11,2021,IL
40.2,10.8,12,2021,IL
22.7,4.3,01,2016,WY
30.1,7.8,02,2016,WY
34.5,5.4,03,2016,WY
41.8,3.0,04,2016,WY
47.9,-0.5,05,2016,WY
63.8,6.2,06,2016,WY
66.8,1.5,07,2016,WY
63.5,0.1,08,2016,WY
55.4,1.8,09,2016,WY
46.5,4.0,10,2016,WY
37.1,8.1,11,2016,WY
16.8,-3.8,12,2016,WY
16.7,-1.7,01,2017,WY
27.8,5.5,02,2017,WY
38.4,9.3,03,2017,WY
40.1,1.3,04,2017,WY
49.2,0.8,05,2017,WY
60.0,2.4,06,2017,WY
68.9,3.6,07,2017,WY
63.5,0.1,08,2017,WY
54.2,0.6,09,2017,WY
41.1,-1.4,10,2017,WY
34.7,5.7,11,2017,WY
23.8,3.2,12,2017,WY
25.1,6.7,01,2018,WY
19.3,-3.0,02,2018,WY
32.3,3.2,03,2018,WY
39.7,0.9,04,2018,WY
52.9,4.5,05,2018,WY
60.4,2.8,06,2018,WY
67.3,2.0,07,2018,WY
63.6,0.2,08,2018,WY
57.2,3.6,09,2018,WY
41.0,-1.5,10,2018,WY
28.6,-0.4,11,2018,WY
21.5,0.9,12,2018,WY
22.0,3.6,01,2019,WY
16.8,-5.5,02,2019,WY
27.0,-2.1,03,2019,WY
41.1,2.3,04,2019,WY
44.4,-4.0,05,2019,WY
57.0,-0.6,06,2019,WY
66.0,0.7,07,2019,WY
64.9,1.5,08,2019,WY
56.7,3.1,09,2019,WY
34.2,-8.3,10,2019,WY
30.2,1.2,11,2019,WY
23.0,2.4,12,2019,WY
23.8,5.4,01,2020,WY
20.2,-2.1,02,2020,WY
33.1,4.0,03,2020,WY
37.6,-1.2,04,2020,WY
50.3,1.9,05,2020,WY
59.7,2.1,06,2020,WY
66.6,1.3,07,2020,WY
67.7,4.3,08,2020,WY
55.5,1.9,09,2020,WY
41.2,-1.3,10,2020,WY
33.1,4.1,11,2020,WY
24.5,3.9,12,2020,WY
23.3,4.9,01,2021,WY
17.4,-4.9,02,2021,WY
32.1,3.0,03,2021,WY
38.0,-0.8,04,2021,WY
48.8,0.4,05,2021,WY
64.8,7.2,06,2021,WY
70.1,4.8,07,2021,WY
64.2,0.8,08,2021,WY
58.1,4.5,09,2021,WY
43.9,1.4,10,2021,WY
36.6,7.6,11,2021,WY
26.1,5.5,12,2021,WY
28.5,4.4,01,2016,MA
30.9,5.9,02,2016,MA
41.0,6.8,03,2016,MA
45.0,0.3,04,2016,MA
57.2,1.5,05,2016,MA
66.1,1.7,06,2016,MA
72.6,2.9,07,2016,MA
72.5,5.0,08,2016,MA
64.6,4.2,09,2016,MA
52.2,2.2,10,2016,MA
42.2,3.0,11,2016,MA
31.0,2.9,12,2016,MA
31.5,7.4,01,2017,MA
33.0,8.0,02,2017,MA
31.5,-2.7,03,2017,MA
50.2,5.5,04,2017,MA
55.2,-0.5,05,2017,MA
66.0,1.6,06,2017,MA
70.0,0.3,07,2017,MA
68.0,0.5,08,2017,MA
65.1,4.7,09,2017,MA
57.5,7.5,10,2017,MA
40.3,1.1,11,2017,MA
26.6,-1.5,12,2017,MA
24.5,0.4,01,2018,MA
34.3,9.3,02,2018,MA
34.8,0.6,03,2018,MA
42.3,-2.4,04,2018,MA
60.8,5.1,05,2018,MA
64.8,0.4,06,2018,MA
73.3,3.6,07,2018,MA
73.5,6.0,08,2018,MA
65.2,4.8,09,2018,MA
50.3,0.3,10,2018,MA
37.8,-1.4,11,2018,MA
32.1,4.0,12,2018,MA
25.9,1.8,01,2019,MA
28.5,3.5,02,2019,MA
33.7,-0.5,03,2019,MA
47.7,3.0,04,2019,MA
55.3,-0.4,05,2019,MA
65.5,1.1,06,2019,MA
73.8,4.1,07,2019,MA
69.8,2.3,08,2019,MA
62.0,1.6,09,2019,MA
52.4,2.4,10,2019,MA
37.4,-1.8,11,2019,MA
30.5,2.4,12,2019,MA
32.0,7.9,01,2020,MA
32.4,7.4,02,2020,MA
40.2,6.0,03,2020,MA
43.1,-1.6,04,2020,MA
56.2,0.5,05,2020,MA
67.6,3.2,06,2020,MA
74.6,4.9,07,2020,MA
71.7,4.2,08,2020,MA
62.8,2.4,09,2020,MA
52.4,2.4,10,2020,MA
44.7,5.5,11,2020,MA
33.1,5.0,12,2020,MA
28.7,4.6,01,2021,MA
27.6,2.6,02,2021,MA
38.2,4.0,03,2021,MA
47.8,3.1,04,2021,MA
57.6,1.9,05,2021,MA
69.3,4.9,06,2021,MA
69.8,0.1,07,2021,MA
72.6,5.1,08,2021,MA
64.8,4.4,09,2021,MA
56.1,6.1,10,2021,MA
40.7,1.5,11,2021,MA
35.8,7.7,12,2021,MA
31.3,4.1,01,2016,RI
33.1,5.3,02,2016,RI
42.9,6.8,03,2016,RI
46.2,0.5,04,2016,RI
57.9,1.8,05,2016,RI
66.9,2.2,06,2016,RI
73.8,3.5,07,2016,RI
73.9,5.2,08,2016,RI
66.4,4.5,09,2016,RI
54.7,2.8,10,2016,RI
45.2,3.7,11,2016,RI
34.2,3.2,12,2016,RI
34.2,7.0,01,2017,RI
35.2,7.4,02,2017,RI
34.1,-2.0,03,2017,RI
51.5,5.8,04,2017,RI
56.5,0.4,05,2017,RI
66.8,2.1,06,2017,RI
71.1,0.8,07,2017,RI
69.8,1.1,08,2017,RI
66.4,4.5,09,2017,RI
59.6,7.7,10,2017,RI
43.1,1.6,11,2017,RI
30.1,-0.9,12,2017,RI
27.6,0.4,01,2018,RI
37.7,9.9,02,2018,RI
37.3,1.2,03,2018,RI
44.4,-1.3,04,2018,RI
61.4,5.3,05,2018,RI
65.9,1.2,06,2018,RI
73.8,3.5,07,2018,RI
75.1,6.4,08,2018,RI
66.5,4.6,09,2018,RI
52.7,0.8,10,2018,RI
41.0,-0.5,11,2018,RI
35.3,4.3,12,2018,RI
29.0,1.8,01,2019,RI
31.6,3.8,02,2019,RI
35.9,-0.2,03,2019,RI
49.2,3.5,04,2019,RI
56.4,0.3,05,2019,RI
66.5,1.8,06,2019,RI
74.8,4.5,07,2019,RI
71.3,2.6,08,2019,RI
63.9,2.0,09,2019,RI
54.7,2.8,10,2019,RI
40.1,-1.4,11,2019,RI
34.1,3.1,12,2019,RI
35.3,8.1,01,2020,RI
35.4,7.6,02,2020,RI
42.6,6.5,03,2020,RI
44.1,-1.6,04,2020,RI
56.6,0.5,05,2020,RI
68.1,3.4,06,2020,RI
75.4,5.1,07,2020,RI
73.8,5.1,08,2020,RI
64.5,2.6,09,2020,RI
54.6,2.7,10,2020,RI
47.5,6.0,11,2020,RI
35.7,4.7,12,2020,RI
31.5,4.3,01,2021,RI
30.9,3.1,02,2021,RI
40.3,4.2,03,2021,RI
48.9,3.2,04,2021,RI
58.2,2.1,05,2021,RI
69.8,5.1,06,2021,RI
71.3,1.0,07,2021,RI
73.7,5.0,08,2021,RI
66.6,4.7,09,2021,RI
58.5,6.6,10,2021,RI
43.0,1.5,11,2021,RI
38.7,7.7,12,2021,RI
34.8,-2.4,01,2016,TN
42.5,2.4,02,2016,TN
53.9,5.5,03,2016,TN
59.5,1.9,04,2016,TN
65.3,-0.8,05,2016,TN
76.5,2.7,06,2016,TN
79.8,2.7,07,2016,TN
79.0,3.0,08,2016,TN
74.1,3.9,09,2016,TN
64.6,5.8,10,2016,TN
52.7,5.3,11,2016,TN
40.9,1.7,12,2016,TN
44.9,7.7,01,2017,TN
48.9,8.8,02,2017,TN
51.1,2.7,03,2017,TN
63.1,5.5,04,2017,TN
66.6,0.5,05,2017,TN
73.0,-0.8,06,2017,TN
78.1,1.0,07,2017,TN
74.6,-1.4,08,2017,TN
69.1,-1.1,09,2017,TN
60.8,2.0,10,2017,TN
49.9,2.5,11,2017,TN
39.5,0.3,12,2017,TN
32.9,-4.3,01,2018,TN
48.5,8.4,02,2018,TN
48.2,-0.2,03,2018,TN
52.9,-4.7,04,2018,TN
72.3,6.2,05,2018,TN
76.5,2.7,06,2018,TN
78.1,1.0,07,2018,TN
76.5,0.5,08,2018,TN
74.9,4.7,09,2018,TN
61.0,2.2,10,2018,TN
44.4,-3.0,11,2018,TN
42.7,3.5,12,2018,TN
39.4,2.2,01,2019,TN
46.7,6.6,02,2019,TN
46.9,-1.5,03,2019,TN
59.3,1.7,04,2019,TN
70.1,4.0,05,2019,TN
73.4,-0.4,06,2019,TN
77.8,0.7,07,2019,TN
76.9,0.9,08,2019,TN
76.4,6.2,09,2019,TN
61.7,2.9,10,2019,TN
44.2,-3.2,11,2019,TN
45.2,6.0,12,2019,TN
43.0,5.8,01,2020,TN
43.3,3.2,02,2020,TN
54.7,6.3,03,2020,TN
55.4,-2.2,04,2020,TN
64.0,-2.1,05,2020,TN
73.5,-0.3,06,2020,TN
79.2,2.1,07,2020,TN
76.4,0.4,08,2020,TN
69.9,-0.3,09,2020,TN
60.4,1.6,10,2020,TN
51.9,4.5,11,2020,TN
39.5,0.3,12,2020,TN
39.6,2.4,01,2021,TN
37.4,-2.7,02,2021,TN
53.6,5.2,03,2021,TN
56.2,-1.4,04,2021,TN
64.2,-1.9,05,2021,TN
74.1,0.3,06,2021,TN
77.1,0.0,07,2021,TN
77.2,1.2,08,2021,TN
69.7,-0.5,09,2021,TN
63.4,4.6,10,2021,TN
45.6,-1.8,11,2021,TN
50.5,11.3,12,2021,TN
